source_model_name,selection_role,tenant_id,anchor_timestamp,decision_value_uah,oracle_value_uah,regret_uah,safety_violation_count
nbeatsx_official_global_panel_horizon_calibrated_v1,raw_reference,client_001_kyiv_mall,2026-04-12T23:00:00,2342.362338214497,2884.1035472399567,541.7412090254597,0
nbeatsx_official_global_panel_horizon_calibrated_v1,schedule_value_learner_v2_plus,client_001_kyiv_mall,2026-04-12T23:00:00,2870.089364918997,2884.1035472399567,14.014182320959662,0
nbeatsx_official_global_panel_horizon_calibrated_v1,schedule_value_learner_v2_reference,client_001_kyiv_mall,2026-04-12T23:00:00,2870.089364918997,2884.1035472399567,14.014182320959662,0
nbeatsx_official_global_panel_horizon_calibrated_v1,strict_reference,client_001_kyiv_mall,2026-04-12T23:00:00,2750.8417373170682,2884.1035472399567,133.26180992288846,0
nbeatsx_official_global_panel_horizon_calibrated_v1,raw_reference,client_001_kyiv_mall,2026-04-13T23:00:00,3170.2957445455695,3597.7537695917927,427.45802504622316,0
nbeatsx_official_global_panel_horizon_calibrated_v1,schedule_value_learner_v2_plus,client_001_kyiv_mall,2026-04-13T23:00:00,3471.268972489309,3597.7537695917927,126.48479710248375,0
nbeatsx_official_global_panel_horizon_calibrated_v1,schedule_value_learner_v2_reference,client_001_kyiv_mall,2026-04-13T23:00:00,3393.9796745521394,3597.7537695917927,203.77409503965328,0
nbeatsx_official_global_panel_horizon_calibrated_v1,strict_reference,client_001_kyiv_mall,2026-04-13T23:00:00,3215.0666061245884,3597.7537695917927,382.6871634672043,0
nbeatsx_official_global_panel_horizon_calibrated_v1,raw_reference,client_001_kyiv_mall,2026-04-14T23:00:00,2776.1067296050755,3614.2897803628653,838.1830507577897,0
nbeatsx_official_global_panel_horizon_calibrated_v1,schedule_value_learner_v2_plus,client_001_kyiv_mall,2026-04-14T23:00:00,3399.2467179366995,3614.2897803628653,215.04306242616576,0
nbeatsx_official_global_panel_horizon_calibrated_v1,schedule_value_learner_v2_reference,client_001_kyiv_mall,2026-04-14T23:00:00,3240.625210788987,3614.2897803628653,373.66456957387845,0
nbeatsx_official_global_panel_horizon_calibrated_v1,strict_reference,client_001_kyiv_mall,2026-04-14T23:00:00,3019.408654193735,3614.2897803628653,594.8811261691303,0
nbeatsx_official_global_panel_horizon_calibrated_v1,raw_reference,client_001_kyiv_mall,2026-04-15T23:00:00,1991.0095832416616,2908.2287003429255,917.2191171012639,0
nbeatsx_official_global_panel_horizon_calibrated_v1,schedule_value_learner_v2_plus,client_001_kyiv_mall,2026-04-15T23:00:00,2561.6721890864596,2908.2287003429255,346.5565112564659,0
nbeatsx_official_global_panel_horizon_calibrated_v1,schedule_value_learner_v2_reference,client_001_kyiv_mall,2026-04-15T23:00:00,2561.6721890864596,2908.2287003429255,346.5565112564659,0
nbeatsx_official_global_panel_horizon_calibrated_v1,strict_reference,client_001_kyiv_mall,2026-04-15T23:00:00,2841.6787170397383,2908.2287003429255,66.54998330318722,0
nbeatsx_official_global_panel_horizon_calibrated_v1,raw_reference,client_001_kyiv_mall,2026-04-16T23:00:00,3803.773006239597,3886.014551707164,82.241545467567,0
nbeatsx_official_global_panel_horizon_calibrated_v1,schedule_value_learner_v2_plus,client_001_kyiv_mall,2026-04-16T23:00:00,3803.773007651716,3886.014551707164,82.24154405544823,0
nbeatsx_official_global_panel_horizon_calibrated_v1,schedule_value_learner_v2_reference,client_001_kyiv_mall,2026-04-16T23:00:00,3776.086142602051,3886.014551707164,109.92840910511313,0
nbeatsx_official_global_panel_horizon_calibrated_v1,strict_reference,client_001_kyiv_mall,2026-04-16T23:00:00,3705.4030407990695,3886.014551707164,180.61151090809471,0
nbeatsx_official_global_panel_horizon_calibrated_v1,raw_reference,client_001_kyiv_mall,2026-04-17T23:00:00,3551.904177437538,3624.4706292182873,72.5664517807495,0
nbeatsx_official_global_panel_horizon_calibrated_v1,schedule_value_learner_v2_plus,client_001_kyiv_mall,2026-04-17T23:00:00,3551.904226563482,3624.4706292182873,72.56640265480519,0
nbeatsx_official_global_panel_horizon_calibrated_v1,schedule_value_learner_v2_reference,client_001_kyiv_mall,2026-04-17T23:00:00,3322.8682183593514,3624.4706292182873,301.60241085893585,0
nbeatsx_official_global_panel_horizon_calibrated_v1,strict_reference,client_001_kyiv_mall,2026-04-17T23:00:00,3311.8522427214816,3624.4706292182873,312.61838649680567,0
nbeatsx_official_global_panel_horizon_calibrated_v1,raw_reference,client_001_kyiv_mall,2026-04-18T23:00:00,3021.079801422526,3068.3446857680688,47.26488434554267,0
nbeatsx_official_global_panel_horizon_calibrated_v1,schedule_value_learner_v2_plus,client_001_kyiv_mall,2026-04-18T23:00:00,3021.0798025539716,3068.3446857680688,47.26488321409715,0
nbeatsx_official_global_panel_horizon_calibrated_v1,schedule_value_learner_v2_reference,client_001_kyiv_mall,2026-04-18T23:00:00,3021.0798025539716,3068.3446857680688,47.26488321409715,0
nbeatsx_official_global_panel_horizon_calibrated_v1,strict_reference,client_001_kyiv_mall,2026-04-18T23:00:00,2620.9570386969176,3068.3446857680688,447.38764707115115,0
nbeatsx_official_global_panel_horizon_calibrated_v1,raw_reference,client_001_kyiv_mall,2026-04-19T23:00:00,2826.2389615875704,3210.110477095336,383.8715155077657,0
nbeatsx_official_global_panel_horizon_calibrated_v1,schedule_value_learner_v2_plus,client_001_kyiv_mall,2026-04-19T23:00:00,2947.5883211476826,3210.110477095336,262.5221559476536,0
nbeatsx_official_global_panel_horizon_calibrated_v1,schedule_value_learner_v2_reference,client_001_kyiv_mall,2026-04-19T23:00:00,2825.20895783008,3210.110477095336,384.90151926525596,0
nbeatsx_official_global_panel_horizon_calibrated_v1,strict_reference,client_001_kyiv_mall,2026-04-19T23:00:00,2543.1861996830457,3210.110477095336,666.9242774122904,0
nbeatsx_official_global_panel_horizon_calibrated_v1,raw_reference,client_001_kyiv_mall,2026-04-20T23:00:00,3593.5888177618212,3777.7390220855573,184.15020432373603,0
nbeatsx_official_global_panel_horizon_calibrated_v1,schedule_value_learner_v2_plus,client_001_kyiv_mall,2026-04-20T23:00:00,3733.9138597483684,3777.7390220855573,43.825162337188885,0
nbeatsx_official_global_panel_horizon_calibrated_v1,schedule_value_learner_v2_reference,client_001_kyiv_mall,2026-04-20T23:00:00,3733.9138597483684,3777.7390220855573,43.825162337188885,0
nbeatsx_official_global_panel_horizon_calibrated_v1,strict_reference,client_001_kyiv_mall,2026-04-20T23:00:00,3664.5824435690824,3777.7390220855573,113.15657851647484,0
nbeatsx_official_global_panel_horizon_calibrated_v1,raw_reference,client_001_kyiv_mall,2026-04-21T23:00:00,3354.6622934980887,3750.3933094560957,395.731015958007,0
nbeatsx_official_global_panel_horizon_calibrated_v1,schedule_value_learner_v2_plus,client_001_kyiv_mall,2026-04-21T23:00:00,3622.481581760841,3750.3933094560957,127.91172769525474,0
nbeatsx_official_global_panel_horizon_calibrated_v1,schedule_value_learner_v2_reference,client_001_kyiv_mall,2026-04-21T23:00:00,3622.481581760841,3750.3933094560957,127.91172769525474,0
nbeatsx_official_global_panel_horizon_calibrated_v1,strict_reference,client_001_kyiv_mall,2026-04-21T23:00:00,3623.3341811089485,3750.3933094560957,127.05912834714718,0
nbeatsx_official_global_panel_horizon_calibrated_v1,raw_reference,client_001_kyiv_mall,2026-04-22T23:00:00,3795.6214724282636,4057.1780476725953,261.5565752443317,0
nbeatsx_official_global_panel_horizon_calibrated_v1,schedule_value_learner_v2_plus,client_001_kyiv_mall,2026-04-22T23:00:00,3982.115909245789,4057.1780476725953,75.06213842680609,0
nbeatsx_official_global_panel_horizon_calibrated_v1,schedule_value_learner_v2_reference,client_001_kyiv_mall,2026-04-22T23:00:00,3977.9782896265324,4057.1780476725953,79.19975804606293,0
nbeatsx_official_global_panel_horizon_calibrated_v1,strict_reference,client_001_kyiv_mall,2026-04-22T23:00:00,3718.515254475941,4057.1780476725953,338.6627931966541,0
nbeatsx_official_global_panel_horizon_calibrated_v1,raw_reference,client_001_kyiv_mall,2026-04-23T23:00:00,3535.49131925448,3936.518938885982,401.02761963150215,0
nbeatsx_official_global_panel_horizon_calibrated_v1,schedule_value_learner_v2_plus,client_001_kyiv_mall,2026-04-23T23:00:00,3911.3007730406066,3936.518938885982,25.21816584537555,0
nbeatsx_official_global_panel_horizon_calibrated_v1,schedule_value_learner_v2_reference,client_001_kyiv_mall,2026-04-23T23:00:00,3836.4160449746996,3936.518938885982,100.10289391128254,0
nbeatsx_official_global_panel_horizon_calibrated_v1,strict_reference,client_001_kyiv_mall,2026-04-23T23:00:00,3811.059027223363,3936.518938885982,125.4599116626191,0
nbeatsx_official_global_panel_horizon_calibrated_v1,raw_reference,client_001_kyiv_mall,2026-04-24T23:00:00,3746.8243081950286,3792.6723729086616,45.84806471363299,0
nbeatsx_official_global_panel_horizon_calibrated_v1,schedule_value_learner_v2_plus,client_001_kyiv_mall,2026-04-24T23:00:00,3791.3369392979453,3792.6723729086616,1.3354336107163363,0
nbeatsx_official_global_panel_horizon_calibrated_v1,schedule_value_learner_v2_reference,client_001_kyiv_mall,2026-04-24T23:00:00,3778.7143105082964,3792.6723729086616,13.95806240036518,0
nbeatsx_official_global_panel_horizon_calibrated_v1,strict_reference,client_001_kyiv_mall,2026-04-24T23:00:00,3778.68553429593,3792.6723729086616,13.98683861273139,0
nbeatsx_official_global_panel_horizon_calibrated_v1,raw_reference,client_001_kyiv_mall,2026-04-25T23:00:00,3229.4924879061764,4066.053717739962,836.5612298337855,0
nbeatsx_official_global_panel_horizon_calibrated_v1,schedule_value_learner_v2_plus,client_001_kyiv_mall,2026-04-25T23:00:00,2983.0528914616475,4066.053717739962,1083.0008262783144,0
nbeatsx_official_global_panel_horizon_calibrated_v1,schedule_value_learner_v2_reference,client_001_kyiv_mall,2026-04-25T23:00:00,2983.0528914616475,4066.053717739962,1083.0008262783144,0
nbeatsx_official_global_panel_horizon_calibrated_v1,strict_reference,client_001_kyiv_mall,2026-04-25T23:00:00,2983.0528914616475,4066.053717739962,1083.0008262783144,0
nbeatsx_official_global_panel_horizon_calibrated_v1,raw_reference,client_001_kyiv_mall,2026-04-26T23:00:00,3823.893083822988,3962.85914380115,138.96605997816187,0
nbeatsx_official_global_panel_horizon_calibrated_v1,schedule_value_learner_v2_plus,client_001_kyiv_mall,2026-04-26T23:00:00,3919.410810943712,3962.85914380115,43.44833285743789,0
nbeatsx_official_global_panel_horizon_calibrated_v1,schedule_value_learner_v2_reference,client_001_kyiv_mall,2026-04-26T23:00:00,3900.435187176378,3962.85914380115,62.42395662477202,0
nbeatsx_official_global_panel_horizon_calibrated_v1,strict_reference,client_001_kyiv_mall,2026-04-26T23:00:00,3935.0994775515073,3962.85914380115,27.759666249642578,0
nbeatsx_official_global_panel_horizon_calibrated_v1,raw_reference,client_001_kyiv_mall,2026-04-27T23:00:00,3822.2249926945005,3962.2455019569616,140.02050926246102,0
nbeatsx_official_global_panel_horizon_calibrated_v1,schedule_value_learner_v2_plus,client_001_kyiv_mall,2026-04-27T23:00:00,3953.022338163372,3962.2455019569616,9.22316379358972,0
nbeatsx_official_global_panel_horizon_calibrated_v1,schedule_value_learner_v2_reference,client_001_kyiv_mall,2026-04-27T23:00:00,3953.022338163372,3962.2455019569616,9.22316379358972,0
nbeatsx_official_global_panel_horizon_calibrated_v1,strict_reference,client_001_kyiv_mall,2026-04-27T23:00:00,3731.736316247954,3962.2455019569616,230.5091857090074,0
nbeatsx_official_global_panel_horizon_calibrated_v1,raw_reference,client_001_kyiv_mall,2026-04-28T23:00:00,3693.222990057151,3834.385070818097,141.16208076094608,0
nbeatsx_official_global_panel_horizon_calibrated_v1,schedule_value_learner_v2_plus,client_001_kyiv_mall,2026-04-28T23:00:00,3834.2623442780896,3834.385070818097,0.12272654000753391,0
nbeatsx_official_global_panel_horizon_calibrated_v1,schedule_value_learner_v2_reference,client_001_kyiv_mall,2026-04-28T23:00:00,3834.2623442780896,3834.385070818097,0.12272654000753391,0
nbeatsx_official_global_panel_horizon_calibrated_v1,strict_reference,client_001_kyiv_mall,2026-04-28T23:00:00,3834.262343140901,3834.385070818097,0.12272767719605326,0
nbeatsx_official_global_panel_horizon_calibrated_v1,raw_reference,client_001_kyiv_mall,2026-04-29T23:00:00,500.20949083932857,4433.278456506918,3933.068965667589,0
nbeatsx_official_global_panel_horizon_calibrated_v1,schedule_value_learner_v2_plus,client_001_kyiv_mall,2026-04-29T23:00:00,3888.0128155738666,4433.278456506918,545.2656409330511,0
nbeatsx_official_global_panel_horizon_calibrated_v1,schedule_value_learner_v2_reference,client_001_kyiv_mall,2026-04-29T23:00:00,3888.0128155738666,4433.278456506918,545.2656409330511,0
nbeatsx_official_global_panel_horizon_calibrated_v1,strict_reference,client_001_kyiv_mall,2026-04-29T23:00:00,3888.0128155738666,4433.278456506918,545.2656409330511,0
nbeatsx_official_global_panel_v1,raw_reference,client_001_kyiv_mall,2026-04-12T23:00:00,2341.4356106160626,2884.1035472399567,542.6679366238941,0
nbeatsx_official_global_panel_v1,schedule_value_learner_v2_plus,client_001_kyiv_mall,2026-04-12T23:00:00,2870.089373670236,2884.1035472399567,14.014173569720697,0
nbeatsx_official_global_panel_v1,schedule_value_learner_v2_reference,client_001_kyiv_mall,2026-04-12T23:00:00,2870.089373670236,2884.1035472399567,14.014173569720697,0
nbeatsx_official_global_panel_v1,strict_reference,client_001_kyiv_mall,2026-04-12T23:00:00,2750.8417373170682,2884.1035472399567,133.26180992288846,0
nbeatsx_official_global_panel_v1,raw_reference,client_001_kyiv_mall,2026-04-13T23:00:00,3458.2290714132682,3597.7537695917927,139.52469817852443,0
nbeatsx_official_global_panel_v1,schedule_value_learner_v2_plus,client_001_kyiv_mall,2026-04-13T23:00:00,3505.4947922102037,3597.7537695917927,92.25897738158892,0
nbeatsx_official_global_panel_v1,schedule_value_learner_v2_reference,client_001_kyiv_mall,2026-04-13T23:00:00,3470.634965659733,3597.7537695917927,127.11880393205956,0
nbeatsx_official_global_panel_v1,strict_reference,client_001_kyiv_mall,2026-04-13T23:00:00,3215.0666061245884,3597.7537695917927,382.6871634672043,0
nbeatsx_official_global_panel_v1,raw_reference,client_001_kyiv_mall,2026-04-14T23:00:00,3168.2142772715692,3614.2897803628653,446.075503091296,0
nbeatsx_official_global_panel_v1,schedule_value_learner_v2_plus,client_001_kyiv_mall,2026-04-14T23:00:00,3470.1211102738894,3614.2897803628653,144.1686700889759,0
nbeatsx_official_global_panel_v1,schedule_value_learner_v2_reference,client_001_kyiv_mall,2026-04-14T23:00:00,3382.393115607153,3614.2897803628653,231.8966647557122,0
nbeatsx_official_global_panel_v1,strict_reference,client_001_kyiv_mall,2026-04-14T23:00:00,3019.408654193735,3614.2897803628653,594.8811261691303,0
nbeatsx_official_global_panel_v1,raw_reference,client_001_kyiv_mall,2026-04-15T23:00:00,2310.9881846829076,2908.2287003429255,597.240515660018,0
nbeatsx_official_global_panel_v1,schedule_value_learner_v2_plus,client_001_kyiv_mall,2026-04-15T23:00:00,2841.6787170397383,2908.2287003429255,66.54998330318722,0
nbeatsx_official_global_panel_v1,schedule_value_learner_v2_reference,client_001_kyiv_mall,2026-04-15T23:00:00,2841.6787170397383,2908.2287003429255,66.54998330318722,0
nbeatsx_official_global_panel_v1,strict_reference,client_001_kyiv_mall,2026-04-15T23:00:00,2841.6787170397383,2908.2287003429255,66.54998330318722,0
nbeatsx_official_global_panel_v1,raw_reference,client_001_kyiv_mall,2026-04-16T23:00:00,3707.731976192994,3886.014551707164,178.28257551417028,0
nbeatsx_official_global_panel_v1,schedule_value_learner_v2_plus,client_001_kyiv_mall,2026-04-16T23:00:00,3776.0861409519707,3886.014551707164,109.92841075519345,0
nbeatsx_official_global_panel_v1,schedule_value_learner_v2_reference,client_001_kyiv_mall,2026-04-16T23:00:00,3776.0861409519707,3886.014551707164,109.92841075519345,0
nbeatsx_official_global_panel_v1,strict_reference,client_001_kyiv_mall,2026-04-16T23:00:00,3705.4030407990695,3886.014551707164,180.61151090809471,0
nbeatsx_official_global_panel_v1,raw_reference,client_001_kyiv_mall,2026-04-17T23:00:00,3501.15098274568,3624.4706292182873,123.31964647260747,0
nbeatsx_official_global_panel_v1,schedule_value_learner_v2_plus,client_001_kyiv_mall,2026-04-17T23:00:00,3503.114630868337,3624.4706292182873,121.35599834995037,0
nbeatsx_official_global_panel_v1,schedule_value_learner_v2_reference,client_001_kyiv_mall,2026-04-17T23:00:00,3503.114630868337,3624.4706292182873,121.35599834995037,0
nbeatsx_official_global_panel_v1,strict_reference,client_001_kyiv_mall,2026-04-17T23:00:00,3311.8522427214816,3624.4706292182873,312.61838649680567,0
nbeatsx_official_global_panel_v1,raw_reference,client_001_kyiv_mall,2026-04-18T23:00:00,2682.705807959249,3068.3446857680688,385.63887780881987,0
nbeatsx_official_global_panel_v1,schedule_value_learner_v2_plus,client_001_kyiv_mall,2026-04-18T23:00:00,3021.079801121208,3068.3446857680688,47.26488464686054,0
nbeatsx_official_global_panel_v1,schedule_value_learner_v2_reference,client_001_kyiv_mall,2026-04-18T23:00:00,3021.079798375328,3068.3446857680688,47.26488739274055,0
nbeatsx_official_global_panel_v1,strict_reference,client_001_kyiv_mall,2026-04-18T23:00:00,2620.9570386969176,3068.3446857680688,447.38764707115115,0
nbeatsx_official_global_panel_v1,raw_reference,client_001_kyiv_mall,2026-04-19T23:00:00,2720.5211811062945,3210.110477095336,489.5892959890416,0
nbeatsx_official_global_panel_v1,schedule_value_learner_v2_plus,client_001_kyiv_mall,2026-04-19T23:00:00,2543.1861996830457,3210.110477095336,666.9242774122904,0
nbeatsx_official_global_panel_v1,schedule_value_learner_v2_reference,client_001_kyiv_mall,2026-04-19T23:00:00,2543.1861996830457,3210.110477095336,666.9242774122904,0
nbeatsx_official_global_panel_v1,strict_reference,client_001_kyiv_mall,2026-04-19T23:00:00,2543.1861996830457,3210.110477095336,666.9242774122904,0
nbeatsx_official_global_panel_v1,raw_reference,client_001_kyiv_mall,2026-04-20T23:00:00,3632.1931932886946,3777.7390220855573,145.54582879686268,0
nbeatsx_official_global_panel_v1,schedule_value_learner_v2_plus,client_001_kyiv_mall,2026-04-20T23:00:00,3772.5182360204444,3777.7390220855573,5.220786065112861,0
nbeatsx_official_global_panel_v1,schedule_value_learner_v2_reference,client_001_kyiv_mall,2026-04-20T23:00:00,3729.0724674671983,3777.7390220855573,48.66655461835899,0
nbeatsx_official_global_panel_v1,strict_reference,client_001_kyiv_mall,2026-04-20T23:00:00,3664.5824435690824,3777.7390220855573,113.15657851647484,0
nbeatsx_official_global_panel_v1,raw_reference,client_001_kyiv_mall,2026-04-21T23:00:00,3435.796997491627,3750.3933094560957,314.5963119644689,0
nbeatsx_official_global_panel_v1,schedule_value_learner_v2_plus,client_001_kyiv_mall,2026-04-21T23:00:00,3728.365646893567,3750.3933094560957,22.027662562528803,0
nbeatsx_official_global_panel_v1,schedule_value_learner_v2_reference,client_001_kyiv_mall,2026-04-21T23:00:00,3622.414847436902,3750.3933094560957,127.97846201919356,0
nbeatsx_official_global_panel_v1,strict_reference,client_001_kyiv_mall,2026-04-21T23:00:00,3623.3341811089485,3750.3933094560957,127.05912834714718,0
nbeatsx_official_global_panel_v1,raw_reference,client_001_kyiv_mall,2026-04-22T23:00:00,3878.7546701499277,4057.1780476725953,178.42337752266758,0
nbeatsx_official_global_panel_v1,schedule_value_learner_v2_plus,client_001_kyiv_mall,2026-04-22T23:00:00,3878.754670488838,4057.1780476725953,178.4233771837571,0
nbeatsx_official_global_panel_v1,schedule_value_learner_v2_reference,client_001_kyiv_mall,2026-04-22T23:00:00,3878.754669202502,4057.1780476725953,178.4233784700932,0
nbeatsx_official_global_panel_v1,strict_reference,client_001_kyiv_mall,2026-04-22T23:00:00,3718.515254475941,4057.1780476725953,338.6627931966541,0
nbeatsx_official_global_panel_v1,raw_reference,client_001_kyiv_mall,2026-04-23T23:00:00,3535.4913205092694,3936.518938885982,401.0276183767128,0
nbeatsx_official_global_panel_v1,schedule_value_learner_v2_plus,client_001_kyiv_mall,2026-04-23T23:00:00,3899.463444771935,3936.518938885982,37.05549411404718,0
nbeatsx_official_global_panel_v1,schedule_value_learner_v2_reference,client_001_kyiv_mall,2026-04-23T23:00:00,3785.121215642087,3936.518938885982,151.39772324389514,0
nbeatsx_official_global_panel_v1,strict_reference,client_001_kyiv_mall,2026-04-23T23:00:00,3811.059027223363,3936.518938885982,125.4599116626191,0
nbeatsx_official_global_panel_v1,raw_reference,client_001_kyiv_mall,2026-04-24T23:00:00,3388.028110803525,3792.6723729086616,404.6442621051365,0
nbeatsx_official_global_panel_v1,schedule_value_learner_v2_plus,client_001_kyiv_mall,2026-04-24T23:00:00,3791.3369370009345,3792.6723729086616,1.3354359077270601,0
nbeatsx_official_global_panel_v1,schedule_value_learner_v2_reference,client_001_kyiv_mall,2026-04-24T23:00:00,3791.3369232027057,3792.6723729086616,1.3354497059558526,0
nbeatsx_official_global_panel_v1,strict_reference,client_001_kyiv_mall,2026-04-24T23:00:00,3778.68553429593,3792.6723729086616,13.98683861273139,0
nbeatsx_official_global_panel_v1,raw_reference,client_001_kyiv_mall,2026-04-25T23:00:00,2530.7137087207657,4066.053717739962,1535.3400090191963,0
nbeatsx_official_global_panel_v1,schedule_value_learner_v2_plus,client_001_kyiv_mall,2026-04-25T23:00:00,2983.0528914616475,4066.053717739962,1083.0008262783144,0
nbeatsx_official_global_panel_v1,schedule_value_learner_v2_reference,client_001_kyiv_mall,2026-04-25T23:00:00,2983.0528914616475,4066.053717739962,1083.0008262783144,0
nbeatsx_official_global_panel_v1,strict_reference,client_001_kyiv_mall,2026-04-25T23:00:00,2983.0528914616475,4066.053717739962,1083.0008262783144,0
nbeatsx_official_global_panel_v1,raw_reference,client_001_kyiv_mall,2026-04-26T23:00:00,3570.465445980021,3962.85914380115,392.3936978211291,0
nbeatsx_official_global_panel_v1,schedule_value_learner_v2_plus,client_001_kyiv_mall,2026-04-26T23:00:00,3919.410810943712,3962.85914380115,43.44833285743789,0
nbeatsx_official_global_panel_v1,schedule_value_learner_v2_reference,client_001_kyiv_mall,2026-04-26T23:00:00,3853.782703702171,3962.85914380115,109.07644009897876,0
nbeatsx_official_global_panel_v1,strict_reference,client_001_kyiv_mall,2026-04-26T23:00:00,3935.0994775515073,3962.85914380115,27.759666249642578,0
nbeatsx_official_global_panel_v1,raw_reference,client_001_kyiv_mall,2026-04-27T23:00:00,3565.9566729090784,3962.2455019569616,396.28882904788315,0
nbeatsx_official_global_panel_v1,schedule_value_learner_v2_plus,client_001_kyiv_mall,2026-04-27T23:00:00,3945.3408398224196,3962.2455019569616,16.904662134541923,0
nbeatsx_official_global_panel_v1,schedule_value_learner_v2_reference,client_001_kyiv_mall,2026-04-27T23:00:00,3945.3408398224196,3962.2455019569616,16.904662134541923,0
nbeatsx_official_global_panel_v1,strict_reference,client_001_kyiv_mall,2026-04-27T23:00:00,3731.736316247954,3962.2455019569616,230.5091857090074,0
nbeatsx_official_global_panel_v1,raw_reference,client_001_kyiv_mall,2026-04-28T23:00:00,3439.794889631493,3834.385070818097,394.59018118660424,0
nbeatsx_official_global_panel_v1,schedule_value_learner_v2_plus,client_001_kyiv_mall,2026-04-28T23:00:00,3819.1474188684138,3834.385070818097,15.237651949683368,0
nbeatsx_official_global_panel_v1,schedule_value_learner_v2_reference,client_001_kyiv_mall,2026-04-28T23:00:00,3819.1474188684138,3834.385070818097,15.237651949683368,0
nbeatsx_official_global_panel_v1,strict_reference,client_001_kyiv_mall,2026-04-28T23:00:00,3834.262343140901,3834.385070818097,0.12272767719605326,0
nbeatsx_official_global_panel_v1,raw_reference,client_001_kyiv_mall,2026-04-29T23:00:00,-782.8238505359662,4433.278456506918,5216.102307042884,0
nbeatsx_official_global_panel_v1,schedule_value_learner_v2_plus,client_001_kyiv_mall,2026-04-29T23:00:00,3888.0128155738666,4433.278456506918,545.2656409330511,0
nbeatsx_official_global_panel_v1,schedule_value_learner_v2_reference,client_001_kyiv_mall,2026-04-29T23:00:00,3888.0128155738666,4433.278456506918,545.2656409330511,0
nbeatsx_official_global_panel_v1,strict_reference,client_001_kyiv_mall,2026-04-29T23:00:00,3888.0128155738666,4433.278456506918,545.2656409330511,0
nbeatsx_official_global_panel_horizon_calibrated_v1,raw_reference,client_002_lviv_office,2026-04-12T23:00:00,1216.2917705855887,1373.7189491490171,157.42717856342847,0
nbeatsx_official_global_panel_horizon_calibrated_v1,schedule_value_learner_v2_plus,client_002_lviv_office,2026-04-12T23:00:00,1356.20793967422,1373.7189491490171,17.51100947479722,0
nbeatsx_official_global_panel_horizon_calibrated_v1,schedule_value_learner_v2_reference,client_002_lviv_office,2026-04-12T23:00:00,1356.20793967422,1373.7189491490171,17.51100947479722,0
nbeatsx_official_global_panel_horizon_calibrated_v1,strict_reference,client_002_lviv_office,2026-04-12T23:00:00,1296.1254369209728,1373.7189491490171,77.59351222804435,0
nbeatsx_official_global_panel_horizon_calibrated_v1,raw_reference,client_002_lviv_office,2026-04-13T23:00:00,1502.7029312859481,1720.8165744695257,218.11364318357755,0
nbeatsx_official_global_panel_horizon_calibrated_v1,schedule_value_learner_v2_plus,client_002_lviv_office,2026-04-13T23:00:00,1600.740129154866,1720.8165744695257,120.07644531465962,0
nbeatsx_official_global_panel_horizon_calibrated_v1,schedule_value_learner_v2_reference,client_002_lviv_office,2026-04-13T23:00:00,1600.740129154866,1720.8165744695257,120.07644531465962,0
nbeatsx_official_global_panel_horizon_calibrated_v1,strict_reference,client_002_lviv_office,2026-04-13T23:00:00,1596.382247043354,1720.8165744695257,124.43432742617165,0
nbeatsx_official_global_panel_horizon_calibrated_v1,raw_reference,client_002_lviv_office,2026-04-14T23:00:00,1549.6759263719262,1729.620953815,179.94502744307374,0
nbeatsx_official_global_panel_horizon_calibrated_v1,schedule_value_learner_v2_plus,client_002_lviv_office,2026-04-14T23:00:00,1690.935202931851,1729.620953815,38.685750883148785,0
nbeatsx_official_global_panel_horizon_calibrated_v1,schedule_value_learner_v2_reference,client_002_lviv_office,2026-04-14T23:00:00,1676.6446256428435,1729.620953815,52.9763281721564,0
nbeatsx_official_global_panel_horizon_calibrated_v1,strict_reference,client_002_lviv_office,2026-04-14T23:00:00,1414.3695268906667,1729.620953815,315.25142692433315,0
nbeatsx_official_global_panel_horizon_calibrated_v1,raw_reference,client_002_lviv_office,2026-04-15T23:00:00,1082.9998068839686,1390.7110300317227,307.711223147754,0
nbeatsx_official_global_panel_horizon_calibrated_v1,schedule_value_learner_v2_plus,client_002_lviv_office,2026-04-15T23:00:00,1196.3687226271593,1390.7110300317227,194.34230740456337,0
nbeatsx_official_global_panel_horizon_calibrated_v1,schedule_value_learner_v2_reference,client_002_lviv_office,2026-04-15T23:00:00,1355.9435690310536,1390.7110300317227,34.76746100066907,0
nbeatsx_official_global_panel_horizon_calibrated_v1,strict_reference,client_002_lviv_office,2026-04-15T23:00:00,1355.9435690310536,1390.7110300317227,34.76746100066907,0
nbeatsx_official_global_panel_horizon_calibrated_v1,raw_reference,client_002_lviv_office,2026-04-16T23:00:00,1761.8752542270684,1846.2507377488348,84.37548352176645,0
nbeatsx_official_global_panel_horizon_calibrated_v1,schedule_value_learner_v2_plus,client_002_lviv_office,2026-04-16T23:00:00,1835.2388040825256,1846.2507377488348,11.011933666309233,0
nbeatsx_official_global_panel_horizon_calibrated_v1,schedule_value_learner_v2_reference,client_002_lviv_office,2026-04-16T23:00:00,1835.2388040825256,1846.2507377488348,11.011933666309233,0
nbeatsx_official_global_panel_horizon_calibrated_v1,strict_reference,client_002_lviv_office,2026-04-16T23:00:00,1761.84944515929,1846.2507377488348,84.40129258954471,0
nbeatsx_official_global_panel_horizon_calibrated_v1,raw_reference,client_002_lviv_office,2026-04-17T23:00:00,1534.9473236335507,1729.0056643893834,194.05834075583266,0
nbeatsx_official_global_panel_horizon_calibrated_v1,schedule_value_learner_v2_plus,client_002_lviv_office,2026-04-17T23:00:00,1672.300147261581,1729.0056643893834,56.705517127802295,0
nbeatsx_official_global_panel_horizon_calibrated_v1,schedule_value_learner_v2_reference,client_002_lviv_office,2026-04-17T23:00:00,1595.2969992265816,1729.0056643893834,133.7086651628017,0
nbeatsx_official_global_panel_horizon_calibrated_v1,strict_reference,client_002_lviv_office,2026-04-17T23:00:00,1586.8938267060696,1729.0056643893834,142.11183768331375,0
nbeatsx_official_global_panel_horizon_calibrated_v1,raw_reference,client_002_lviv_office,2026-04-18T23:00:00,1169.195231417451,1479.6486004006508,310.4533689831999,0
nbeatsx_official_global_panel_horizon_calibrated_v1,schedule_value_learner_v2_plus,client_002_lviv_office,2026-04-18T23:00:00,1402.0787721337897,1479.6486004006508,77.56982826686112,0
nbeatsx_official_global_panel_horizon_calibrated_v1,schedule_value_learner_v2_reference,client_002_lviv_office,2026-04-18T23:00:00,1402.0787721337897,1479.6486004006508,77.56982826686112,0
nbeatsx_official_global_panel_horizon_calibrated_v1,strict_reference,client_002_lviv_office,2026-04-18T23:00:00,1241.4084919975337,1479.6486004006508,238.24010840311712,0
nbeatsx_official_global_panel_horizon_calibrated_v1,raw_reference,client_002_lviv_office,2026-04-19T23:00:00,298.51677586437984,1534.890528274957,1236.3737524105773,0
nbeatsx_official_global_panel_horizon_calibrated_v1,schedule_value_learner_v2_plus,client_002_lviv_office,2026-04-19T23:00:00,1321.960168424263,1534.890528274957,212.930359850694,0
nbeatsx_official_global_panel_horizon_calibrated_v1,schedule_value_learner_v2_reference,client_002_lviv_office,2026-04-19T23:00:00,1321.960168424263,1534.890528274957,212.930359850694,0
nbeatsx_official_global_panel_horizon_calibrated_v1,strict_reference,client_002_lviv_office,2026-04-19T23:00:00,1321.960168424263,1534.890528274957,212.930359850694,0
nbeatsx_official_global_panel_horizon_calibrated_v1,raw_reference,client_002_lviv_office,2026-04-20T23:00:00,1691.0307265226215,1793.4671348587867,102.43640833616519,0
nbeatsx_official_global_panel_horizon_calibrated_v1,schedule_value_learner_v2_plus,client_002_lviv_office,2026-04-20T23:00:00,1775.0360339393524,1793.4671348587867,18.431100919434357,0
nbeatsx_official_global_panel_horizon_calibrated_v1,schedule_value_learner_v2_reference,client_002_lviv_office,2026-04-20T23:00:00,1775.0360339393524,1793.4671348587867,18.431100919434357,0
nbeatsx_official_global_panel_horizon_calibrated_v1,strict_reference,client_002_lviv_office,2026-04-20T23:00:00,1751.0222970071486,1793.4671348587867,42.44483785163811,0
nbeatsx_official_global_panel_horizon_calibrated_v1,raw_reference,client_002_lviv_office,2026-04-21T23:00:00,1573.2650349710618,1789.6718896951106,216.4068547240488,0
nbeatsx_official_global_panel_horizon_calibrated_v1,schedule_value_learner_v2_plus,client_002_lviv_office,2026-04-21T23:00:00,1778.7342480070201,1789.6718896951106,10.93764168809048,0
nbeatsx_official_global_panel_horizon_calibrated_v1,schedule_value_learner_v2_reference,client_002_lviv_office,2026-04-21T23:00:00,1725.3194652555005,1789.6718896951106,64.3524244396101,0
nbeatsx_official_global_panel_horizon_calibrated_v1,strict_reference,client_002_lviv_office,2026-04-21T23:00:00,1726.2463898596206,1789.6718896951106,63.42549983548997,0
nbeatsx_official_global_panel_horizon_calibrated_v1,raw_reference,client_002_lviv_office,2026-04-22T23:00:00,1801.8868664101888,1926.6857252243353,124.79885881414657,0
nbeatsx_official_global_panel_horizon_calibrated_v1,schedule_value_learner_v2_plus,client_002_lviv_office,2026-04-22T23:00:00,1890.7538174087758,1926.6857252243353,35.9319078155595,0
nbeatsx_official_global_panel_horizon_calibrated_v1,schedule_value_learner_v2_reference,client_002_lviv_office,2026-04-22T23:00:00,1857.7429585920017,1926.6857252243353,68.94276663233359,0
nbeatsx_official_global_panel_horizon_calibrated_v1,strict_reference,client_002_lviv_office,2026-04-22T23:00:00,1763.1612500557917,1926.6857252243353,163.52447516854363,0
nbeatsx_official_global_panel_horizon_calibrated_v1,raw_reference,client_002_lviv_office,2026-04-23T23:00:00,1667.4900721658848,1879.4343403901275,211.9442682242427,0
nbeatsx_official_global_panel_horizon_calibrated_v1,schedule_value_learner_v2_plus,client_002_lviv_office,2026-04-23T23:00:00,1867.8964213187498,1879.4343403901275,11.5379190713777,0
nbeatsx_official_global_panel_horizon_calibrated_v1,schedule_value_learner_v2_reference,client_002_lviv_office,2026-04-23T23:00:00,1828.3120358889823,1879.4343403901275,51.12230450114521,0
nbeatsx_official_global_panel_horizon_calibrated_v1,strict_reference,client_002_lviv_office,2026-04-23T23:00:00,1815.0350922200428,1879.4343403901275,64.39924817008477,0
nbeatsx_official_global_panel_horizon_calibrated_v1,raw_reference,client_002_lviv_office,2026-04-24T23:00:00,1619.878364642914,1805.771331016587,185.89296637367306,0
nbeatsx_official_global_panel_horizon_calibrated_v1,schedule_value_learner_v2_plus,client_002_lviv_office,2026-04-24T23:00:00,1805.1532340939605,1805.771331016587,0.6180969226265915,0
nbeatsx_official_global_panel_horizon_calibrated_v1,schedule_value_learner_v2_reference,client_002_lviv_office,2026-04-24T23:00:00,1798.7496217392845,1805.771331016587,7.021709277302534,0
nbeatsx_official_global_panel_horizon_calibrated_v1,strict_reference,client_002_lviv_office,2026-04-24T23:00:00,1798.7225137957914,1805.771331016587,7.048817220795627,0
nbeatsx_official_global_panel_horizon_calibrated_v1,raw_reference,client_002_lviv_office,2026-04-25T23:00:00,1513.1466647064958,1942.3992121171327,429.2525474106369,0
nbeatsx_official_global_panel_horizon_calibrated_v1,schedule_value_learner_v2_plus,client_002_lviv_office,2026-04-25T23:00:00,1424.9892557571245,1942.3992121171327,517.4099563600082,0
nbeatsx_official_global_panel_horizon_calibrated_v1,schedule_value_learner_v2_reference,client_002_lviv_office,2026-04-25T23:00:00,1424.9892557571245,1942.3992121171327,517.4099563600082,0
nbeatsx_official_global_panel_horizon_calibrated_v1,strict_reference,client_002_lviv_office,2026-04-25T23:00:00,1424.9892557571245,1942.3992121171327,517.4099563600082,0
nbeatsx_official_global_panel_horizon_calibrated_v1,raw_reference,client_002_lviv_office,2026-04-26T23:00:00,1683.3975372218317,1891.8851004307262,208.48756320889447,0
nbeatsx_official_global_panel_horizon_calibrated_v1,schedule_value_learner_v2_plus,client_002_lviv_office,2026-04-26T23:00:00,1891.8851004720555,1891.8851004307262,0.0,0
nbeatsx_official_global_panel_horizon_calibrated_v1,schedule_value_learner_v2_reference,client_002_lviv_office,2026-04-26T23:00:00,1891.8851004720555,1891.8851004307262,0.0,0
nbeatsx_official_global_panel_horizon_calibrated_v1,strict_reference,client_002_lviv_office,2026-04-26T23:00:00,1878.0600338206773,1891.8851004307262,13.825066610048907,0
nbeatsx_official_global_panel_horizon_calibrated_v1,raw_reference,client_002_lviv_office,2026-04-27T23:00:00,723.097585055134,1891.6276367295707,1168.5300516744367,0
nbeatsx_official_global_panel_horizon_calibrated_v1,schedule_value_learner_v2_plus,client_002_lviv_office,2026-04-27T23:00:00,1722.212646719563,1891.6276367295707,169.4149900100076,0
nbeatsx_official_global_panel_horizon_calibrated_v1,schedule_value_learner_v2_reference,client_002_lviv_office,2026-04-27T23:00:00,1722.212646719563,1891.6276367295707,169.4149900100076,0
nbeatsx_official_global_panel_horizon_calibrated_v1,strict_reference,client_002_lviv_office,2026-04-27T23:00:00,1782.1723919028382,1891.6276367295707,109.4552448267325,0
nbeatsx_official_global_panel_horizon_calibrated_v1,raw_reference,client_002_lviv_office,2026-04-28T23:00:00,1558.9269040257689,1830.0309429739277,271.10403894815886,0
nbeatsx_official_global_panel_horizon_calibrated_v1,schedule_value_learner_v2_plus,client_002_lviv_office,2026-04-28T23:00:00,1829.9794479080024,1830.0309429739277,0.05149506592533726,0
nbeatsx_official_global_panel_horizon_calibrated_v1,schedule_value_learner_v2_reference,client_002_lviv_office,2026-04-28T23:00:00,1829.9794479080024,1830.0309429739277,0.05149506592533726,0
nbeatsx_official_global_panel_horizon_calibrated_v1,strict_reference,client_002_lviv_office,2026-04-28T23:00:00,1829.9794505679345,1830.0309429739277,0.05149240599325822,0
nbeatsx_official_global_panel_horizon_calibrated_v1,raw_reference,client_002_lviv_office,2026-04-29T23:00:00,416.9389066687523,2122.911864750122,1705.9729580813696,0
nbeatsx_official_global_panel_horizon_calibrated_v1,schedule_value_learner_v2_plus,client_002_lviv_office,2026-04-29T23:00:00,1855.3733720728342,2122.911864750122,267.53849267728765,0
nbeatsx_official_global_panel_horizon_calibrated_v1,schedule_value_learner_v2_reference,client_002_lviv_office,2026-04-29T23:00:00,1855.3733720728342,2122.911864750122,267.53849267728765,0
nbeatsx_official_global_panel_horizon_calibrated_v1,strict_reference,client_002_lviv_office,2026-04-29T23:00:00,1855.3733720728342,2122.911864750122,267.53849267728765,0
nbeatsx_official_global_panel_v1,raw_reference,client_002_lviv_office,2026-04-12T23:00:00,1228.1151751018792,1373.7189491490171,145.6037740471379,0
nbeatsx_official_global_panel_v1,schedule_value_learner_v2_plus,client_002_lviv_office,2026-04-12T23:00:00,1355.3307480836631,1373.7189491490171,18.388201065353996,0
nbeatsx_official_global_panel_v1,schedule_value_learner_v2_reference,client_002_lviv_office,2026-04-12T23:00:00,1355.3307480836631,1373.7189491490171,18.388201065353996,0
nbeatsx_official_global_panel_v1,strict_reference,client_002_lviv_office,2026-04-12T23:00:00,1296.1254369209728,1373.7189491490171,77.59351222804435,0
nbeatsx_official_global_panel_v1,raw_reference,client_002_lviv_office,2026-04-13T23:00:00,1587.5305147614713,1720.8165744695257,133.28605970805438,0
nbeatsx_official_global_panel_v1,schedule_value_learner_v2_plus,client_002_lviv_office,2026-04-13T23:00:00,1685.5677403067189,1720.8165744695257,35.248834162806816,0
nbeatsx_official_global_panel_v1,schedule_value_learner_v2_reference,client_002_lviv_office,2026-04-13T23:00:00,1685.5677403067189,1720.8165744695257,35.248834162806816,0
nbeatsx_official_global_panel_v1,strict_reference,client_002_lviv_office,2026-04-13T23:00:00,1596.382247043354,1720.8165744695257,124.43432742617165,0
nbeatsx_official_global_panel_v1,raw_reference,client_002_lviv_office,2026-04-14T23:00:00,1667.960288858197,1729.620953815,61.660664956802975,0
nbeatsx_official_global_panel_v1,schedule_value_learner_v2_plus,client_002_lviv_office,2026-04-14T23:00:00,1721.750591895897,1729.620953815,7.870361919102834,0
nbeatsx_official_global_panel_v1,schedule_value_learner_v2_reference,client_002_lviv_office,2026-04-14T23:00:00,1658.7551901992415,1729.620953815,70.8657636157584,0
nbeatsx_official_global_panel_v1,strict_reference,client_002_lviv_office,2026-04-14T23:00:00,1414.3695268906667,1729.620953815,315.25142692433315,0
nbeatsx_official_global_panel_v1,raw_reference,client_002_lviv_office,2026-04-15T23:00:00,1206.8231093014076,1390.7110300317227,183.88792073031505,0
nbeatsx_official_global_panel_v1,schedule_value_learner_v2_plus,client_002_lviv_office,2026-04-15T23:00:00,1260.3790068538356,1390.7110300317227,130.3320231778871,0
nbeatsx_official_global_panel_v1,schedule_value_learner_v2_reference,client_002_lviv_office,2026-04-15T23:00:00,1249.0115610357739,1390.7110300317227,141.6994689959488,0
nbeatsx_official_global_panel_v1,strict_reference,client_002_lviv_office,2026-04-15T23:00:00,1355.9435690310536,1390.7110300317227,34.76746100066907,0
nbeatsx_official_global_panel_v1,raw_reference,client_002_lviv_office,2026-04-16T23:00:00,1758.7692908024114,1846.2507377488348,87.48144694642338,0
nbeatsx_official_global_panel_v1,schedule_value_learner_v2_plus,client_002_lviv_office,2026-04-16T23:00:00,1804.8790162086011,1846.2507377488348,41.37172154023369,0
nbeatsx_official_global_panel_v1,schedule_value_learner_v2_reference,client_002_lviv_office,2026-04-16T23:00:00,1804.8790162086011,1846.2507377488348,41.37172154023369,0
nbeatsx_official_global_panel_v1,strict_reference,client_002_lviv_office,2026-04-16T23:00:00,1761.84944515929,1846.2507377488348,84.40129258954471,0
nbeatsx_official_global_panel_v1,raw_reference,client_002_lviv_office,2026-04-17T23:00:00,1673.2405020463882,1729.0056643893834,55.765162342995154,0
nbeatsx_official_global_panel_v1,schedule_value_learner_v2_plus,client_002_lviv_office,2026-04-17T23:00:00,1673.2405022464457,1729.0056643893834,55.7651621429377,0
nbeatsx_official_global_panel_v1,schedule_value_learner_v2_reference,client_002_lviv_office,2026-04-17T23:00:00,1672.5274820538175,1729.0056643893834,56.47818233556586,0
nbeatsx_official_global_panel_v1,strict_reference,client_002_lviv_office,2026-04-17T23:00:00,1586.8938267060696,1729.0056643893834,142.11183768331375,0
nbeatsx_official_global_panel_v1,raw_reference,client_002_lviv_office,2026-04-18T23:00:00,1119.1184258975445,1479.6486004006508,360.5301745031063,0
nbeatsx_official_global_panel_v1,schedule_value_learner_v2_plus,client_002_lviv_office,2026-04-18T23:00:00,1360.796480793937,1479.6486004006508,118.85211960671381,0
nbeatsx_official_global_panel_v1,schedule_value_learner_v2_reference,client_002_lviv_office,2026-04-18T23:00:00,1241.4084919975337,1479.6486004006508,238.24010840311712,0
nbeatsx_official_global_panel_v1,strict_reference,client_002_lviv_office,2026-04-18T23:00:00,1241.4084919975337,1479.6486004006508,238.24010840311712,0
nbeatsx_official_global_panel_v1,raw_reference,client_002_lviv_office,2026-04-19T23:00:00,374.9470527645542,1534.890528274957,1159.9434755104028,0
nbeatsx_official_global_panel_v1,schedule_value_learner_v2_plus,client_002_lviv_office,2026-04-19T23:00:00,1321.960168424263,1534.890528274957,212.930359850694,0
nbeatsx_official_global_panel_v1,schedule_value_learner_v2_reference,client_002_lviv_office,2026-04-19T23:00:00,1321.960168424263,1534.890528274957,212.930359850694,0
nbeatsx_official_global_panel_v1,strict_reference,client_002_lviv_office,2026-04-19T23:00:00,1321.960168424263,1534.890528274957,212.930359850694,0
nbeatsx_official_global_panel_v1,raw_reference,client_002_lviv_office,2026-04-20T23:00:00,1716.735515873052,1793.4671348587867,76.73161898573471,0
nbeatsx_official_global_panel_v1,schedule_value_learner_v2_plus,client_002_lviv_office,2026-04-20T23:00:00,1791.4150096393028,1793.4671348587867,2.052125219483969,0
nbeatsx_official_global_panel_v1,schedule_value_learner_v2_reference,client_002_lviv_office,2026-04-20T23:00:00,1752.3529980455787,1793.4671348587867,41.114136813208006,0
nbeatsx_official_global_panel_v1,strict_reference,client_002_lviv_office,2026-04-20T23:00:00,1751.0222970071486,1793.4671348587867,42.44483785163811,0
nbeatsx_official_global_panel_v1,raw_reference,client_002_lviv_office,2026-04-21T23:00:00,1618.6874398490959,1789.6718896951106,170.98444984601474,0
nbeatsx_official_global_panel_v1,schedule_value_learner_v2_plus,client_002_lviv_office,2026-04-21T23:00:00,1782.3901394372726,1789.6718896951106,7.2817502578379845,0
nbeatsx_official_global_panel_v1,schedule_value_learner_v2_reference,client_002_lviv_office,2026-04-21T23:00:00,1725.3194698322113,1789.6718896951106,64.3524198628993,0
nbeatsx_official_global_panel_v1,strict_reference,client_002_lviv_office,2026-04-21T23:00:00,1726.2463898596206,1789.6718896951106,63.42549983548997,0
nbeatsx_official_global_panel_v1,raw_reference,client_002_lviv_office,2026-04-22T23:00:00,1851.235151450199,1926.6857252243353,75.45057377413627,0
nbeatsx_official_global_panel_v1,schedule_value_learner_v2_plus,client_002_lviv_office,2026-04-22T23:00:00,1851.2351515865566,1926.6857252243353,75.45057363777869,0
nbeatsx_official_global_panel_v1,schedule_value_learner_v2_reference,client_002_lviv_office,2026-04-22T23:00:00,1841.520361760624,1926.6857252243353,85.1653634637114,0
nbeatsx_official_global_panel_v1,strict_reference,client_002_lviv_office,2026-04-22T23:00:00,1763.1612500557917,1926.6857252243353,163.52447516854363,0
nbeatsx_official_global_panel_v1,raw_reference,client_002_lviv_office,2026-04-23T23:00:00,1705.925253021974,1879.4343403901275,173.5090873681536,0
nbeatsx_official_global_panel_v1,schedule_value_learner_v2_plus,client_002_lviv_office,2026-04-23T23:00:00,1854.6504939152828,1879.4343403901275,24.783846474844722,0
nbeatsx_official_global_panel_v1,schedule_value_learner_v2_reference,client_002_lviv_office,2026-04-23T23:00:00,1809.1049597756119,1879.4343403901275,70.32938061451569,0
nbeatsx_official_global_panel_v1,strict_reference,client_002_lviv_office,2026-04-23T23:00:00,1815.0350922200428,1879.4343403901275,64.39924817008477,0
nbeatsx_official_global_panel_v1,raw_reference,client_002_lviv_office,2026-04-24T23:00:00,1576.4621900486761,1805.771331016587,229.30914096791093,0
nbeatsx_official_global_panel_v1,schedule_value_learner_v2_plus,client_002_lviv_office,2026-04-24T23:00:00,1805.3948282197991,1805.771331016587,0.37650279678791776,0
nbeatsx_official_global_panel_v1,schedule_value_learner_v2_reference,client_002_lviv_office,2026-04-24T23:00:00,1798.7495989715874,1805.771331016587,7.0217320449996805,0
nbeatsx_official_global_panel_v1,strict_reference,client_002_lviv_office,2026-04-24T23:00:00,1798.7225137957914,1805.771331016587,7.048817220795627,0
nbeatsx_official_global_panel_v1,raw_reference,client_002_lviv_office,2026-04-25T23:00:00,1133.3157304098127,1942.3992121171327,809.0834817073201,0
nbeatsx_official_global_panel_v1,schedule_value_learner_v2_plus,client_002_lviv_office,2026-04-25T23:00:00,1424.9892557571245,1942.3992121171327,517.4099563600082,0
nbeatsx_official_global_panel_v1,schedule_value_learner_v2_reference,client_002_lviv_office,2026-04-25T23:00:00,1424.9892557571245,1942.3992121171327,517.4099563600082,0
nbeatsx_official_global_panel_v1,strict_reference,client_002_lviv_office,2026-04-25T23:00:00,1424.9892557571245,1942.3992121171327,517.4099563600082,0
nbeatsx_official_global_panel_v1,raw_reference,client_002_lviv_office,2026-04-26T23:00:00,1683.3975393626922,1891.8851004307262,208.48756106803398,0
nbeatsx_official_global_panel_v1,schedule_value_learner_v2_plus,client_002_lviv_office,2026-04-26T23:00:00,1891.8850913705046,1891.8851004307262,9.06022160052089e-06,0
nbeatsx_official_global_panel_v1,schedule_value_learner_v2_reference,client_002_lviv_office,2026-04-26T23:00:00,1891.8850913705046,1891.8851004307262,9.06022160052089e-06,0
nbeatsx_official_global_panel_v1,strict_reference,client_002_lviv_office,2026-04-26T23:00:00,1878.0600338206773,1891.8851004307262,13.825066610048907,0
nbeatsx_official_global_panel_v1,raw_reference,client_002_lviv_office,2026-04-27T23:00:00,510.5235800318645,1891.6276367295707,1381.1040566977063,0
nbeatsx_official_global_panel_v1,schedule_value_learner_v2_plus,client_002_lviv_office,2026-04-27T23:00:00,1782.1723919028382,1891.6276367295707,109.4552448267325,0
nbeatsx_official_global_panel_v1,schedule_value_learner_v2_reference,client_002_lviv_office,2026-04-27T23:00:00,1782.1723919028382,1891.6276367295707,109.4552448267325,0
nbeatsx_official_global_panel_v1,strict_reference,client_002_lviv_office,2026-04-27T23:00:00,1782.1723919028382,1891.6276367295707,109.4552448267325,0
nbeatsx_official_global_panel_v1,raw_reference,client_002_lviv_office,2026-04-28T23:00:00,1746.783988933563,1830.0309429739277,83.2469540403647,0
nbeatsx_official_global_panel_v1,schedule_value_learner_v2_plus,client_002_lviv_office,2026-04-28T23:00:00,1830.03094793551,1830.0309429739277,0.0,0
nbeatsx_official_global_panel_v1,schedule_value_learner_v2_reference,client_002_lviv_office,2026-04-28T23:00:00,1830.03094793551,1830.0309429739277,0.0,0
nbeatsx_official_global_panel_v1,strict_reference,client_002_lviv_office,2026-04-28T23:00:00,1829.9794505679345,1830.0309429739277,0.05149240599325822,0
nbeatsx_official_global_panel_v1,raw_reference,client_002_lviv_office,2026-04-29T23:00:00,177.0146807723462,2122.911864750122,1945.8971839777755,0
nbeatsx_official_global_panel_v1,schedule_value_learner_v2_plus,client_002_lviv_office,2026-04-29T23:00:00,1855.3733720728342,2122.911864750122,267.53849267728765,0
nbeatsx_official_global_panel_v1,schedule_value_learner_v2_reference,client_002_lviv_office,2026-04-29T23:00:00,1855.3733720728342,2122.911864750122,267.53849267728765,0
nbeatsx_official_global_panel_v1,strict_reference,client_002_lviv_office,2026-04-29T23:00:00,1855.3733720728342,2122.911864750122,267.53849267728765,0
nbeatsx_official_global_panel_horizon_calibrated_v1,raw_reference,client_003_dnipro_factory,2026-04-12T23:00:00,4708.64613163479,5104.549357226087,395.9032255912962,0
nbeatsx_official_global_panel_horizon_calibrated_v1,schedule_value_learner_v2_plus,client_003_dnipro_factory,2026-04-12T23:00:00,5079.524051223447,5104.549357226087,25.02530600263981,0
nbeatsx_official_global_panel_horizon_calibrated_v1,schedule_value_learner_v2_reference,client_003_dnipro_factory,2026-04-12T23:00:00,5079.524051223447,5104.549357226087,25.02530600263981,0
nbeatsx_official_global_panel_horizon_calibrated_v1,strict_reference,client_003_dnipro_factory,2026-04-12T23:00:00,4864.710675270421,5104.549357226087,239.83868195566538,0
nbeatsx_official_global_panel_horizon_calibrated_v1,raw_reference,client_003_dnipro_factory,2026-04-13T23:00:00,5151.547234940128,6368.864372369032,1217.317137428904,0
nbeatsx_official_global_panel_horizon_calibrated_v1,schedule_value_learner_v2_plus,client_003_dnipro_factory,2026-04-13T23:00:00,6013.5084256391365,6368.864372369032,355.35594672989555,0
nbeatsx_official_global_panel_horizon_calibrated_v1,schedule_value_learner_v2_reference,client_003_dnipro_factory,2026-04-13T23:00:00,6013.5084256391365,6368.864372369032,355.35594672989555,0
nbeatsx_official_global_panel_horizon_calibrated_v1,strict_reference,client_003_dnipro_factory,2026-04-13T23:00:00,5694.194498393324,6368.864372369032,674.6698739757085,0
nbeatsx_official_global_panel_horizon_calibrated_v1,raw_reference,client_003_dnipro_factory,2026-04-14T23:00:00,4819.18522322943,6395.984192529324,1576.7989692998935,0
nbeatsx_official_global_panel_horizon_calibrated_v1,schedule_value_learner_v2_plus,client_003_dnipro_factory,2026-04-14T23:00:00,5758.208238353891,6395.984192529324,637.7759541754331,0
nbeatsx_official_global_panel_horizon_calibrated_v1,schedule_value_learner_v2_reference,client_003_dnipro_factory,2026-04-14T23:00:00,5325.164505404499,6395.984192529324,1070.8196871248247,0
nbeatsx_official_global_panel_horizon_calibrated_v1,strict_reference,client_003_dnipro_factory,2026-04-14T23:00:00,5325.164505404499,6395.984192529324,1070.8196871248247,0
nbeatsx_official_global_panel_horizon_calibrated_v1,raw_reference,client_003_dnipro_factory,2026-04-15T23:00:00,3420.8817060073297,5135.160821758326,1714.2791157509964,0
nbeatsx_official_global_panel_horizon_calibrated_v1,schedule_value_learner_v2_plus,client_003_dnipro_factory,2026-04-15T23:00:00,5016.322185023291,5135.160821758326,118.83863673503492,0
nbeatsx_official_global_panel_horizon_calibrated_v1,schedule_value_learner_v2_reference,client_003_dnipro_factory,2026-04-15T23:00:00,5016.322185023291,5135.160821758326,118.83863673503492,0
nbeatsx_official_global_panel_horizon_calibrated_v1,strict_reference,client_003_dnipro_factory,2026-04-15T23:00:00,5016.322185023291,5135.160821758326,118.83863673503492,0
nbeatsx_official_global_panel_horizon_calibrated_v1,raw_reference,client_003_dnipro_factory,2026-04-16T23:00:00,6746.816251924866,6888.8286406390625,142.01238871419628,0
nbeatsx_official_global_panel_horizon_calibrated_v1,schedule_value_learner_v2_plus,client_003_dnipro_factory,2026-04-16T23:00:00,6747.32427870244,6888.8286406390625,141.50436193662244,0
nbeatsx_official_global_panel_horizon_calibrated_v1,schedule_value_learner_v2_reference,client_003_dnipro_factory,2026-04-16T23:00:00,6747.32427870244,6888.8286406390625,141.50436193662244,0
nbeatsx_official_global_panel_horizon_calibrated_v1,strict_reference,client_003_dnipro_factory,2026-04-16T23:00:00,6558.64463711074,6888.8286406390625,330.18400352832214,0
nbeatsx_official_global_panel_horizon_calibrated_v1,raw_reference,client_003_dnipro_factory,2026-04-17T23:00:00,5915.3575771536625,6421.4923135062945,506.134736352632,0
nbeatsx_official_global_panel_horizon_calibrated_v1,schedule_value_learner_v2_plus,client_003_dnipro_factory,2026-04-17T23:00:00,6295.816869314818,6421.4923135062945,125.67544419147634,0
nbeatsx_official_global_panel_horizon_calibrated_v1,schedule_value_learner_v2_reference,client_003_dnipro_factory,2026-04-17T23:00:00,6206.419698750333,6421.4923135062945,215.0726147559617,0
nbeatsx_official_global_panel_horizon_calibrated_v1,strict_reference,client_003_dnipro_factory,2026-04-17T23:00:00,5846.973117478488,6421.4923135062945,574.5191960278062,0
nbeatsx_official_global_panel_horizon_calibrated_v1,raw_reference,client_003_dnipro_factory,2026-04-18T23:00:00,5349.149785948453,5430.1463591781685,80.99657322971507,0
nbeatsx_official_global_panel_horizon_calibrated_v1,schedule_value_learner_v2_plus,client_003_dnipro_factory,2026-04-18T23:00:00,5349.149813865559,5430.1463591781685,80.99654531260967,0
nbeatsx_official_global_panel_horizon_calibrated_v1,schedule_value_learner_v2_reference,client_003_dnipro_factory,2026-04-18T23:00:00,5349.149813704654,5430.1463591781685,80.99654547351474,0
nbeatsx_official_global_panel_horizon_calibrated_v1,strict_reference,client_003_dnipro_factory,2026-04-18T23:00:00,4634.655105866348,5430.1463591781685,795.4912533118204,0
nbeatsx_official_global_panel_horizon_calibrated_v1,raw_reference,client_003_dnipro_factory,2026-04-19T23:00:00,5176.9839971985075,5674.235425256368,497.2514280578607,0
nbeatsx_official_global_panel_horizon_calibrated_v1,schedule_value_learner_v2_plus,client_003_dnipro_factory,2026-04-19T23:00:00,5393.679282265187,5674.235425256368,280.55614299118133,0
nbeatsx_official_global_panel_horizon_calibrated_v1,schedule_value_learner_v2_reference,client_003_dnipro_factory,2026-04-19T23:00:00,5175.144703243616,5674.235425256368,499.09072201275194,0
nbeatsx_official_global_panel_horizon_calibrated_v1,strict_reference,client_003_dnipro_factory,2026-04-19T23:00:00,4493.918865333459,5674.235425256368,1180.3165599229096,0
nbeatsx_official_global_panel_horizon_calibrated_v1,raw_reference,client_003_dnipro_factory,2026-04-20T23:00:00,6371.487337199341,6693.394330245174,321.9069930458336,0
nbeatsx_official_global_panel_horizon_calibrated_v1,schedule_value_learner_v2_plus,client_003_dnipro_factory,2026-04-20T23:00:00,6615.1351145883655,6693.394330245174,78.25921565680892,0
nbeatsx_official_global_panel_horizon_calibrated_v1,schedule_value_learner_v2_reference,client_003_dnipro_factory,2026-04-20T23:00:00,6615.1351145883655,6693.394330245174,78.25921565680892,0
nbeatsx_official_global_panel_horizon_calibrated_v1,strict_reference,client_003_dnipro_factory,2026-04-20T23:00:00,6485.777504763049,6693.394330245174,207.61682548212502,0
nbeatsx_official_global_panel_horizon_calibrated_v1,raw_reference,client_003_dnipro_factory,2026-04-21T23:00:00,5937.643005996857,6639.026197604743,701.3831916078861,0
nbeatsx_official_global_panel_horizon_calibrated_v1,schedule_value_learner_v2_plus,client_003_dnipro_factory,2026-04-21T23:00:00,6614.753704635069,6639.026197604743,24.272492969674204,0
nbeatsx_official_global_panel_horizon_calibrated_v1,schedule_value_learner_v2_reference,client_003_dnipro_factory,2026-04-21T23:00:00,6401.1956521131815,6639.026197604743,237.83054549156168,0
nbeatsx_official_global_panel_horizon_calibrated_v1,strict_reference,client_003_dnipro_factory,2026-04-21T23:00:00,6403.33498084554,6639.026197604743,235.6912167592036,0
nbeatsx_official_global_panel_horizon_calibrated_v1,raw_reference,client_003_dnipro_factory,2026-04-22T23:00:00,6747.599725756444,7196.562881662726,448.9631559062818,0
nbeatsx_official_global_panel_horizon_calibrated_v1,schedule_value_learner_v2_plus,client_003_dnipro_factory,2026-04-22T23:00:00,7077.645218569756,7196.562881662726,118.91766309296963,0
nbeatsx_official_global_panel_horizon_calibrated_v1,schedule_value_learner_v2_reference,client_003_dnipro_factory,2026-04-22T23:00:00,7077.645218569756,7196.562881662726,118.91766309296963,0
nbeatsx_official_global_panel_horizon_calibrated_v1,strict_reference,client_003_dnipro_factory,2026-04-22T23:00:00,6582.287965009084,7196.562881662726,614.2749166536423,0
nbeatsx_official_global_panel_horizon_calibrated_v1,raw_reference,client_003_dnipro_factory,2026-04-23T23:00:00,6269.615865369065,6971.393398777638,701.7775334085727,0
nbeatsx_official_global_panel_horizon_calibrated_v1,schedule_value_learner_v2_plus,client_003_dnipro_factory,2026-04-23T23:00:00,6931.678220213295,6971.393398777638,39.71517856434275,0
nbeatsx_official_global_panel_horizon_calibrated_v1,schedule_value_learner_v2_reference,client_003_dnipro_factory,2026-04-23T23:00:00,6784.6212797380485,6971.393398777638,186.7721190395896,0
nbeatsx_official_global_panel_horizon_calibrated_v1,strict_reference,client_003_dnipro_factory,2026-04-23T23:00:00,6738.96475347589,6971.393398777638,232.42864530174847,0
nbeatsx_official_global_panel_horizon_calibrated_v1,raw_reference,client_003_dnipro_factory,2026-04-24T23:00:00,6145.770401000657,6726.993686730354,581.2232857296967,0
nbeatsx_official_global_panel_horizon_calibrated_v1,schedule_value_learner_v2_plus,client_003_dnipro_factory,2026-04-24T23:00:00,6724.6089832191865,6726.993686730354,2.3847035111675723,0
nbeatsx_official_global_panel_horizon_calibrated_v1,schedule_value_learner_v2_reference,client_003_dnipro_factory,2026-04-24T23:00:00,6703.0277446815335,6726.993686730354,23.96594204882058,0
nbeatsx_official_global_panel_horizon_calibrated_v1,strict_reference,client_003_dnipro_factory,2026-04-24T23:00:00,6702.976195239912,6726.993686730354,24.0174914904419,0
nbeatsx_official_global_panel_horizon_calibrated_v1,raw_reference,client_003_dnipro_factory,2026-04-25T23:00:00,5739.781190003487,7215.174661885722,1475.3934718822356,0
nbeatsx_official_global_panel_horizon_calibrated_v1,schedule_value_learner_v2_plus,client_003_dnipro_factory,2026-04-25T23:00:00,5290.7109477296335,7215.174661885722,1924.4637141560888,0
nbeatsx_official_global_panel_horizon_calibrated_v1,schedule_value_learner_v2_reference,client_003_dnipro_factory,2026-04-25T23:00:00,5290.7109477296335,7215.174661885722,1924.4637141560888,0
nbeatsx_official_global_panel_horizon_calibrated_v1,strict_reference,client_003_dnipro_factory,2026-04-25T23:00:00,5290.7109477296335,7215.174661885722,1924.4637141560888,0
nbeatsx_official_global_panel_horizon_calibrated_v1,raw_reference,client_003_dnipro_factory,2026-04-26T23:00:00,6330.19567213065,7018.429475299824,688.2338031691743,0
nbeatsx_official_global_panel_horizon_calibrated_v1,schedule_value_learner_v2_plus,client_003_dnipro_factory,2026-04-26T23:00:00,6947.197446234725,7018.429475299824,71.23202906509869,0
nbeatsx_official_global_panel_horizon_calibrated_v1,schedule_value_learner_v2_reference,client_003_dnipro_factory,2026-04-26T23:00:00,6911.701579111891,7018.429475299824,106.72789618793286,0
nbeatsx_official_global_panel_horizon_calibrated_v1,strict_reference,client_003_dnipro_factory,2026-04-26T23:00:00,6968.702898007962,7018.429475299824,49.72657729186176,0
nbeatsx_official_global_panel_horizon_calibrated_v1,raw_reference,client_003_dnipro_factory,2026-04-27T23:00:00,6774.059418742554,7017.333687849636,243.27426910708164,0
nbeatsx_official_global_panel_horizon_calibrated_v1,schedule_value_learner_v2_plus,client_003_dnipro_factory,2026-04-27T23:00:00,6805.975533690827,7017.333687849636,211.35815415880825,0
nbeatsx_official_global_panel_horizon_calibrated_v1,schedule_value_learner_v2_reference,client_003_dnipro_factory,2026-04-27T23:00:00,6805.945280930247,7017.333687849636,211.38840691938913,0
nbeatsx_official_global_panel_horizon_calibrated_v1,strict_reference,client_003_dnipro_factory,2026-04-27T23:00:00,6597.658011326108,7017.333687849636,419.6756765235277,0
nbeatsx_official_global_panel_horizon_calibrated_v1,raw_reference,client_003_dnipro_factory,2026-04-28T23:00:00,6553.165048133862,6789.011484605167,235.84643647130542,0
nbeatsx_official_global_panel_horizon_calibrated_v1,schedule_value_learner_v2_plus,client_003_dnipro_factory,2026-04-28T23:00:00,6769.2848425444045,6789.011484605167,19.72664206076297,0
nbeatsx_official_global_panel_horizon_calibrated_v1,schedule_value_learner_v2_reference,client_003_dnipro_factory,2026-04-28T23:00:00,6769.2848425444045,6789.011484605167,19.72664206076297,0
nbeatsx_official_global_panel_horizon_calibrated_v1,strict_reference,client_003_dnipro_factory,2026-04-28T23:00:00,6788.792333277435,6789.011484605167,0.21915132773210644,0
nbeatsx_official_global_panel_horizon_calibrated_v1,raw_reference,client_003_dnipro_factory,2026-04-29T23:00:00,879.853809156615,7874.76984097928,6994.916031822665,0
nbeatsx_official_global_panel_horizon_calibrated_v1,schedule_value_learner_v2_plus,client_003_dnipro_factory,2026-04-29T23:00:00,6885.033626404756,7874.76984097928,989.7362145745237,0
nbeatsx_official_global_panel_horizon_calibrated_v1,schedule_value_learner_v2_reference,client_003_dnipro_factory,2026-04-29T23:00:00,6885.033626404756,7874.76984097928,989.7362145745237,0
nbeatsx_official_global_panel_horizon_calibrated_v1,strict_reference,client_003_dnipro_factory,2026-04-29T23:00:00,6885.033626404756,7874.76984097928,989.7362145745237,0
nbeatsx_official_global_panel_v1,raw_reference,client_003_dnipro_factory,2026-04-12T23:00:00,3943.55922282115,5104.549357226087,1160.9901344049367,0
nbeatsx_official_global_panel_v1,schedule_value_learner_v2_plus,client_003_dnipro_factory,2026-04-12T23:00:00,5077.865268817126,5104.549357226087,26.684088408960633,0
nbeatsx_official_global_panel_v1,schedule_value_learner_v2_reference,client_003_dnipro_factory,2026-04-12T23:00:00,5077.865268817126,5104.549357226087,26.684088408960633,0
nbeatsx_official_global_panel_v1,strict_reference,client_003_dnipro_factory,2026-04-12T23:00:00,4864.710675270421,5104.549357226087,239.83868195566538,0
nbeatsx_official_global_panel_v1,raw_reference,client_003_dnipro_factory,2026-04-13T23:00:00,5448.922124150901,6368.864372369032,919.9422482181308,0
nbeatsx_official_global_panel_v1,schedule_value_learner_v2_plus,client_003_dnipro_factory,2026-04-13T23:00:00,6141.391384661432,6368.864372369032,227.4729877075997,0
nbeatsx_official_global_panel_v1,schedule_value_learner_v2_reference,client_003_dnipro_factory,2026-04-13T23:00:00,6141.391384661432,6368.864372369032,227.4729877075997,0
nbeatsx_official_global_panel_v1,strict_reference,client_003_dnipro_factory,2026-04-13T23:00:00,5694.194498393324,6368.864372369032,674.6698739757085,0
nbeatsx_official_global_panel_v1,raw_reference,client_003_dnipro_factory,2026-04-14T23:00:00,5122.0878936408035,6395.984192529324,1273.8962988885205,0
nbeatsx_official_global_panel_v1,schedule_value_learner_v2_plus,client_003_dnipro_factory,2026-04-14T23:00:00,6134.9097156869275,6395.984192529324,261.0744768423965,0
nbeatsx_official_global_panel_v1,schedule_value_learner_v2_reference,client_003_dnipro_factory,2026-04-14T23:00:00,6134.9097156869275,6395.984192529324,261.0744768423965,0
nbeatsx_official_global_panel_v1,strict_reference,client_003_dnipro_factory,2026-04-14T23:00:00,5325.164505404499,6395.984192529324,1070.8196871248247,0
nbeatsx_official_global_panel_v1,raw_reference,client_003_dnipro_factory,2026-04-15T23:00:00,3256.4321988653414,5135.160821758326,1878.7286228929847,0
nbeatsx_official_global_panel_v1,schedule_value_learner_v2_plus,client_003_dnipro_factory,2026-04-15T23:00:00,4516.309842037575,5135.160821758326,618.8509797207507,0
nbeatsx_official_global_panel_v1,schedule_value_learner_v2_reference,client_003_dnipro_factory,2026-04-15T23:00:00,4516.309842037575,5135.160821758326,618.8509797207507,0
nbeatsx_official_global_panel_v1,strict_reference,client_003_dnipro_factory,2026-04-15T23:00:00,5016.322185023291,5135.160821758326,118.83863673503492,0
nbeatsx_official_global_panel_v1,raw_reference,client_003_dnipro_factory,2026-04-16T23:00:00,6603.003048887001,6888.8286406390625,285.8255917520619,0
nbeatsx_official_global_panel_v1,schedule_value_learner_v2_plus,client_003_dnipro_factory,2026-04-16T23:00:00,6684.906257226914,6888.8286406390625,203.92238341214852,0
nbeatsx_official_global_panel_v1,schedule_value_learner_v2_reference,client_003_dnipro_factory,2026-04-16T23:00:00,6684.906257226914,6888.8286406390625,203.92238341214852,0
nbeatsx_official_global_panel_v1,strict_reference,client_003_dnipro_factory,2026-04-16T23:00:00,6558.64463711074,6888.8286406390625,330.18400352832214,0
nbeatsx_official_global_panel_v1,raw_reference,client_003_dnipro_factory,2026-04-17T23:00:00,6206.419751780539,6421.4923135062945,215.0725617257558,0
nbeatsx_official_global_panel_v1,schedule_value_learner_v2_plus,client_003_dnipro_factory,2026-04-17T23:00:00,6206.419778571616,6421.4923135062945,215.07253493467852,0
nbeatsx_official_global_panel_v1,schedule_value_learner_v2_reference,client_003_dnipro_factory,2026-04-17T23:00:00,6204.746745857049,6421.4923135062945,216.74556764924546,0
nbeatsx_official_global_panel_v1,strict_reference,client_003_dnipro_factory,2026-04-17T23:00:00,5846.973117478488,6421.4923135062945,574.5191960278062,0
nbeatsx_official_global_panel_v1,raw_reference,client_003_dnipro_factory,2026-04-18T23:00:00,5349.149692265711,5430.1463591781685,80.99666691245784,0
nbeatsx_official_global_panel_v1,schedule_value_learner_v2_plus,client_003_dnipro_factory,2026-04-18T23:00:00,5349.149813530387,5430.1463591781685,80.9965456477812,0
nbeatsx_official_global_panel_v1,schedule_value_learner_v2_reference,client_003_dnipro_factory,2026-04-18T23:00:00,5349.149802968981,5430.1463591781685,80.99655620918747,0
nbeatsx_official_global_panel_v1,strict_reference,client_003_dnipro_factory,2026-04-18T23:00:00,4634.655105866348,5430.1463591781685,795.4912533118204,0
nbeatsx_official_global_panel_v1,raw_reference,client_003_dnipro_factory,2026-04-19T23:00:00,4692.372771180873,5674.235425256368,981.8626540754949,0
nbeatsx_official_global_panel_v1,schedule_value_learner_v2_plus,client_003_dnipro_factory,2026-04-19T23:00:00,4493.918865333459,5674.235425256368,1180.3165599229096,0
nbeatsx_official_global_panel_v1,schedule_value_learner_v2_reference,client_003_dnipro_factory,2026-04-19T23:00:00,4493.918865333459,5674.235425256368,1180.3165599229096,0
nbeatsx_official_global_panel_v1,strict_reference,client_003_dnipro_factory,2026-04-19T23:00:00,4493.918865333459,5674.235425256368,1180.3165599229096,0
nbeatsx_official_global_panel_v1,raw_reference,client_003_dnipro_factory,2026-04-20T23:00:00,6437.1690610022115,6693.394330245174,256.2252692429629,0
nbeatsx_official_global_panel_v1,schedule_value_learner_v2_plus,client_003_dnipro_factory,2026-04-20T23:00:00,6684.173196366644,6693.394330245174,9.221133878530054,0
nbeatsx_official_global_panel_v1,schedule_value_learner_v2_reference,client_003_dnipro_factory,2026-04-20T23:00:00,6603.235114718825,6693.394330245174,90.15921552634973,0
nbeatsx_official_global_panel_v1,strict_reference,client_003_dnipro_factory,2026-04-20T23:00:00,6485.777504763049,6693.394330245174,207.61682548212502,0
nbeatsx_official_global_panel_v1,raw_reference,client_003_dnipro_factory,2026-04-21T23:00:00,5937.64300609227,6639.026197604743,701.3831915124729,0
nbeatsx_official_global_panel_v1,schedule_value_learner_v2_plus,client_003_dnipro_factory,2026-04-21T23:00:00,6614.753704411576,6639.026197604743,24.272493193167065,0
nbeatsx_official_global_panel_v1,schedule_value_learner_v2_reference,client_003_dnipro_factory,2026-04-21T23:00:00,6416.755850613894,6639.026197604743,222.27034699084925,0
nbeatsx_official_global_panel_v1,strict_reference,client_003_dnipro_factory,2026-04-21T23:00:00,6403.33498084554,6639.026197604743,235.6912167592036,0
nbeatsx_official_global_panel_v1,raw_reference,client_003_dnipro_factory,2026-04-22T23:00:00,6877.9497085563635,7196.562881662726,318.6131731063624,0
nbeatsx_official_global_panel_v1,schedule_value_learner_v2_plus,client_003_dnipro_factory,2026-04-22T23:00:00,6877.949708641402,7196.562881662726,318.61317302132375,0
nbeatsx_official_global_panel_v1,schedule_value_learner_v2_reference,client_003_dnipro_factory,2026-04-22T23:00:00,6845.0611493338265,7196.562881662726,351.5017323288994,0
nbeatsx_official_global_panel_v1,strict_reference,client_003_dnipro_factory,2026-04-22T23:00:00,6582.287965009084,7196.562881662726,614.2749166536423,0
nbeatsx_official_global_panel_v1,raw_reference,client_003_dnipro_factory,2026-04-23T23:00:00,6267.746487554258,6971.393398777638,703.6469112233799,0
nbeatsx_official_global_panel_v1,schedule_value_learner_v2_plus,client_003_dnipro_factory,2026-04-23T23:00:00,6896.949562600556,6971.393398777638,74.44383617708172,0
nbeatsx_official_global_panel_v1,schedule_value_learner_v2_reference,client_003_dnipro_factory,2026-04-23T23:00:00,6714.711398699168,6971.393398777638,256.6820000784701,0
nbeatsx_official_global_panel_v1,strict_reference,client_003_dnipro_factory,2026-04-23T23:00:00,6738.96475347589,6971.393398777638,232.42864530174847,0
nbeatsx_official_global_panel_v1,raw_reference,client_003_dnipro_factory,2026-04-24T23:00:00,6004.414675559753,6726.993686730354,722.579011170601,0
nbeatsx_official_global_panel_v1,schedule_value_learner_v2_plus,client_003_dnipro_factory,2026-04-24T23:00:00,6725.738692504747,6726.993686730354,1.2549942256073336,0
nbeatsx_official_global_panel_v1,schedule_value_learner_v2_reference,client_003_dnipro_factory,2026-04-24T23:00:00,6724.608978092357,6726.993686730354,2.3847086379973916,0
nbeatsx_official_global_panel_v1,strict_reference,client_003_dnipro_factory,2026-04-24T23:00:00,6702.976195239912,6726.993686730354,24.0174914904419,0
nbeatsx_official_global_panel_v1,raw_reference,client_003_dnipro_factory,2026-04-25T23:00:00,4381.986796636554,7215.174661885722,2833.1878652491687,0
nbeatsx_official_global_panel_v1,schedule_value_learner_v2_plus,client_003_dnipro_factory,2026-04-25T23:00:00,5290.7109477296335,7215.174661885722,1924.4637141560888,0
nbeatsx_official_global_panel_v1,schedule_value_learner_v2_reference,client_003_dnipro_factory,2026-04-25T23:00:00,5290.7109477296335,7215.174661885722,1924.4637141560888,0
nbeatsx_official_global_panel_v1,strict_reference,client_003_dnipro_factory,2026-04-25T23:00:00,5290.7109477296335,7215.174661885722,1924.4637141560888,0
nbeatsx_official_global_panel_v1,raw_reference,client_003_dnipro_factory,2026-04-26T23:00:00,6330.195605711439,7018.429475299824,688.2338695883846,0
nbeatsx_official_global_panel_v1,schedule_value_learner_v2_plus,client_003_dnipro_factory,2026-04-26T23:00:00,6947.197446234725,7018.429475299824,71.23202906509869,0
nbeatsx_official_global_panel_v1,schedule_value_learner_v2_reference,client_003_dnipro_factory,2026-04-26T23:00:00,6814.590612900627,7018.429475299824,203.83886239919684,0
nbeatsx_official_global_panel_v1,strict_reference,client_003_dnipro_factory,2026-04-26T23:00:00,6968.702898007962,7018.429475299824,49.72657729186176,0
nbeatsx_official_global_panel_v1,raw_reference,client_003_dnipro_factory,2026-04-27T23:00:00,6321.913648107859,7017.333687849636,695.4200397417762,0
nbeatsx_official_global_panel_v1,schedule_value_learner_v2_plus,client_003_dnipro_factory,2026-04-27T23:00:00,6977.840900104656,7017.333687849636,39.49278774497998,0
nbeatsx_official_global_panel_v1,schedule_value_learner_v2_reference,client_003_dnipro_factory,2026-04-27T23:00:00,6977.840900104656,7017.333687849636,39.49278774497998,0
nbeatsx_official_global_panel_v1,strict_reference,client_003_dnipro_factory,2026-04-27T23:00:00,6597.658011326108,7017.333687849636,419.6756765235277,0
nbeatsx_official_global_panel_v1,raw_reference,client_003_dnipro_factory,2026-04-28T23:00:00,6096.855233944099,6789.011484605167,692.156250661068,0
nbeatsx_official_global_panel_v1,schedule_value_learner_v2_plus,client_003_dnipro_factory,2026-04-28T23:00:00,6769.5040234854705,6789.011484605167,19.507461119696927,0
nbeatsx_official_global_panel_v1,schedule_value_learner_v2_reference,client_003_dnipro_factory,2026-04-28T23:00:00,6769.5040234854705,6789.011484605167,19.507461119696927,0
nbeatsx_official_global_panel_v1,strict_reference,client_003_dnipro_factory,2026-04-28T23:00:00,6788.792333277435,6789.011484605167,0.21915132773210644,0
nbeatsx_official_global_panel_v1,raw_reference,client_003_dnipro_factory,2026-04-29T23:00:00,-1409.0584465791212,7874.76984097928,9283.828287558401,0
nbeatsx_official_global_panel_v1,schedule_value_learner_v2_plus,client_003_dnipro_factory,2026-04-29T23:00:00,6885.033626404756,7874.76984097928,989.7362145745237,0
nbeatsx_official_global_panel_v1,schedule_value_learner_v2_reference,client_003_dnipro_factory,2026-04-29T23:00:00,6885.033626404756,7874.76984097928,989.7362145745237,0
nbeatsx_official_global_panel_v1,strict_reference,client_003_dnipro_factory,2026-04-29T23:00:00,6885.033626404756,7874.76984097928,989.7362145745237,0
nbeatsx_official_global_panel_horizon_calibrated_v1,raw_reference,client_004_kharkiv_hospital,2026-04-12T23:00:00,3894.8340413044966,4179.405373116858,284.5713318123612,0
nbeatsx_official_global_panel_horizon_calibrated_v1,schedule_value_learner_v2_plus,client_004_kharkiv_hospital,2026-04-12T23:00:00,4152.3640246827845,4179.405373116858,27.04134843407337,0
nbeatsx_official_global_panel_horizon_calibrated_v1,schedule_value_learner_v2_reference,client_004_kharkiv_hospital,2026-04-12T23:00:00,4152.3640246827845,4179.405373116858,27.04134843407337,0
nbeatsx_official_global_panel_horizon_calibrated_v1,strict_reference,client_004_kharkiv_hospital,2026-04-12T23:00:00,3990.2498930219717,4179.405373116858,189.15548009488612,0
nbeatsx_official_global_panel_horizon_calibrated_v1,raw_reference,client_004_kharkiv_hospital,2026-04-13T23:00:00,4514.295831032094,5212.337432464647,698.0416014325529,0
nbeatsx_official_global_panel_horizon_calibrated_v1,schedule_value_learner_v2_plus,client_004_kharkiv_hospital,2026-04-13T23:00:00,4897.1253287588,5212.337432464647,315.21210370584686,0
nbeatsx_official_global_panel_horizon_calibrated_v1,schedule_value_learner_v2_reference,client_004_kharkiv_hospital,2026-04-13T23:00:00,4897.1253287588,5212.337432464647,315.21210370584686,0
nbeatsx_official_global_panel_horizon_calibrated_v1,strict_reference,client_004_kharkiv_hospital,2026-04-13T23:00:00,4647.736419448564,5212.337432464647,564.6010130160821,0
nbeatsx_official_global_panel_horizon_calibrated_v1,raw_reference,client_004_kharkiv_hospital,2026-04-14T23:00:00,4854.532829361661,5246.525845634401,391.9930162727396,0
nbeatsx_official_global_panel_horizon_calibrated_v1,schedule_value_learner_v2_plus,client_004_kharkiv_hospital,2026-04-14T23:00:00,5185.163784237039,5246.525845634401,61.362061397361686,0
nbeatsx_official_global_panel_horizon_calibrated_v1,schedule_value_learner_v2_reference,client_004_kharkiv_hospital,2026-04-14T23:00:00,5042.933064564828,5246.525845634401,203.592781069573,0
nbeatsx_official_global_panel_horizon_calibrated_v1,strict_reference,client_004_kharkiv_hospital,2026-04-14T23:00:00,4459.37666781807,5246.525845634401,787.1491778163308,0
nbeatsx_official_global_panel_horizon_calibrated_v1,raw_reference,client_004_kharkiv_hospital,2026-04-15T23:00:00,3203.9045674975782,4294.406703609322,1090.5021361117438,0
nbeatsx_official_global_panel_horizon_calibrated_v1,schedule_value_learner_v2_plus,client_004_kharkiv_hospital,2026-04-15T23:00:00,4200.629034311061,4294.406703609322,93.77766929826066,0
nbeatsx_official_global_panel_horizon_calibrated_v1,schedule_value_learner_v2_reference,client_004_kharkiv_hospital,2026-04-15T23:00:00,4200.629034311061,4294.406703609322,93.77766929826066,0
nbeatsx_official_global_panel_horizon_calibrated_v1,strict_reference,client_004_kharkiv_hospital,2026-04-15T23:00:00,4200.629034311061,4294.406703609322,93.77766929826066,0
nbeatsx_official_global_panel_horizon_calibrated_v1,raw_reference,client_004_kharkiv_hospital,2026-04-16T23:00:00,5336.625401627809,5560.778961438967,224.15355981115772,0
nbeatsx_official_global_panel_horizon_calibrated_v1,schedule_value_learner_v2_plus,client_004_kharkiv_hospital,2026-04-16T23:00:00,5461.700254872157,5560.778961438967,99.07870656681007,0
nbeatsx_official_global_panel_horizon_calibrated_v1,schedule_value_learner_v2_reference,client_004_kharkiv_hospital,2026-04-16T23:00:00,5461.700237474244,5560.778961438967,99.07872396472249,0
nbeatsx_official_global_panel_horizon_calibrated_v1,strict_reference,client_004_kharkiv_hospital,2026-04-16T23:00:00,5352.547160781649,5560.778961438967,208.23180065731776,0
nbeatsx_official_global_panel_horizon_calibrated_v1,raw_reference,client_004_kharkiv_hospital,2026-04-17T23:00:00,5012.911652603497,5191.04380486597,178.13215226247303,0
nbeatsx_official_global_panel_horizon_calibrated_v1,schedule_value_learner_v2_plus,client_004_kharkiv_hospital,2026-04-17T23:00:00,5030.919823160218,5191.04380486597,160.12398170575216,0
nbeatsx_official_global_panel_horizon_calibrated_v1,schedule_value_learner_v2_reference,client_004_kharkiv_hospital,2026-04-17T23:00:00,5030.919823160218,5191.04380486597,160.12398170575216,0
nbeatsx_official_global_panel_horizon_calibrated_v1,strict_reference,client_004_kharkiv_hospital,2026-04-17T23:00:00,4892.38369964871,5191.04380486597,298.66010521726,0
nbeatsx_official_global_panel_horizon_calibrated_v1,raw_reference,client_004_kharkiv_hospital,2026-04-18T23:00:00,4388.6385431763965,4452.007071567458,63.36852839106177,0
nbeatsx_official_global_panel_horizon_calibrated_v1,schedule_value_learner_v2_plus,client_004_kharkiv_hospital,2026-04-18T23:00:00,4388.638554652365,4452.007071567458,63.368516915093096,0
nbeatsx_official_global_panel_horizon_calibrated_v1,schedule_value_learner_v2_reference,client_004_kharkiv_hospital,2026-04-18T23:00:00,4277.813370724066,4452.007071567458,174.19370084339243,0
nbeatsx_official_global_panel_horizon_calibrated_v1,strict_reference,client_004_kharkiv_hospital,2026-04-18T23:00:00,3805.34260253814,4452.007071567458,646.6644690293183,0
nbeatsx_official_global_panel_horizon_calibrated_v1,raw_reference,client_004_kharkiv_hospital,2026-04-19T23:00:00,4304.914443057624,4701.664960663449,396.7505176058248,0
nbeatsx_official_global_panel_horizon_calibrated_v1,schedule_value_learner_v2_plus,client_004_kharkiv_hospital,2026-04-19T23:00:00,4441.664960843902,4701.664960663449,259.99999981954716,0
nbeatsx_official_global_panel_horizon_calibrated_v1,schedule_value_learner_v2_reference,client_004_kharkiv_hospital,2026-04-19T23:00:00,4304.914445777538,4701.664960663449,396.7505148859109,0
nbeatsx_official_global_panel_horizon_calibrated_v1,strict_reference,client_004_kharkiv_hospital,2026-04-19T23:00:00,3775.449242235847,4701.664960663449,926.215718427602,0
nbeatsx_official_global_panel_horizon_calibrated_v1,raw_reference,client_004_kharkiv_hospital,2026-04-20T23:00:00,5176.851436612145,5425.292718835279,248.44128222313338,0
nbeatsx_official_global_panel_horizon_calibrated_v1,schedule_value_learner_v2_plus,client_004_kharkiv_hospital,2026-04-20T23:00:00,5370.066751764943,5425.292718835279,55.22596707033608,0
nbeatsx_official_global_panel_horizon_calibrated_v1,schedule_value_learner_v2_reference,client_004_kharkiv_hospital,2026-04-20T23:00:00,5370.066751764943,5425.292718835279,55.22596707033608,0
nbeatsx_official_global_panel_horizon_calibrated_v1,strict_reference,client_004_kharkiv_hospital,2026-04-20T23:00:00,5310.090841365357,5425.292718835279,115.20187746992178,0
nbeatsx_official_global_panel_horizon_calibrated_v1,raw_reference,client_004_kharkiv_hospital,2026-04-21T23:00:00,4875.8414261532635,5422.916549600862,547.0751234475983,0
nbeatsx_official_global_panel_horizon_calibrated_v1,schedule_value_learner_v2_plus,client_004_kharkiv_hospital,2026-04-21T23:00:00,5368.381467957,5422.916549600862,54.53508164386221,0
nbeatsx_official_global_panel_horizon_calibrated_v1,schedule_value_learner_v2_reference,client_004_kharkiv_hospital,2026-04-21T23:00:00,5305.442323492619,5422.916549600862,117.47422610824287,0
nbeatsx_official_global_panel_horizon_calibrated_v1,strict_reference,client_004_kharkiv_hospital,2026-04-21T23:00:00,5306.660306518873,5422.916549600862,116.25624308198894,0
nbeatsx_official_global_panel_horizon_calibrated_v1,raw_reference,client_004_kharkiv_hospital,2026-04-22T23:00:00,5506.879083520231,5777.055694201124,270.17661068089365,0
nbeatsx_official_global_panel_horizon_calibrated_v1,schedule_value_learner_v2_plus,client_004_kharkiv_hospital,2026-04-22T23:00:00,5715.0006856784175,5777.055694201124,62.055008522706885,0
nbeatsx_official_global_panel_horizon_calibrated_v1,schedule_value_learner_v2_reference,client_004_kharkiv_hospital,2026-04-22T23:00:00,5715.0006856784175,5777.055694201124,62.055008522706885,0
nbeatsx_official_global_panel_horizon_calibrated_v1,strict_reference,client_004_kharkiv_hospital,2026-04-22T23:00:00,5360.833861685989,5777.055694201124,416.22183251513525,0
nbeatsx_official_global_panel_horizon_calibrated_v1,raw_reference,client_004_kharkiv_hospital,2026-04-23T23:00:00,5049.843310673356,5673.537228558975,623.6939178856182,0
nbeatsx_official_global_panel_horizon_calibrated_v1,schedule_value_learner_v2_plus,client_004_kharkiv_hospital,2026-04-23T23:00:00,5637.384196211086,5673.537228558975,36.15303234788826,0
nbeatsx_official_global_panel_horizon_calibrated_v1,schedule_value_learner_v2_reference,client_004_kharkiv_hospital,2026-04-23T23:00:00,5588.97271468878,5673.537228558975,84.56451387019479,0
nbeatsx_official_global_panel_horizon_calibrated_v1,strict_reference,client_004_kharkiv_hospital,2026-04-23T23:00:00,5554.609358459104,5673.537228558975,118.92787009987023,0
nbeatsx_official_global_panel_horizon_calibrated_v1,raw_reference,client_004_kharkiv_hospital,2026-04-24T23:00:00,5003.967789675421,5401.429991608965,397.46220193354384,0
nbeatsx_official_global_panel_horizon_calibrated_v1,schedule_value_learner_v2_plus,client_004_kharkiv_hospital,2026-04-24T23:00:00,5397.261182682421,5401.429991608965,4.168808926543534,0
nbeatsx_official_global_panel_horizon_calibrated_v1,schedule_value_learner_v2_reference,client_004_kharkiv_hospital,2026-04-24T23:00:00,5380.281182443715,5401.429991608965,21.148809165249986,0
nbeatsx_official_global_panel_horizon_calibrated_v1,strict_reference,client_004_kharkiv_hospital,2026-04-24T23:00:00,5379.863726842342,5401.429991608965,21.566264766623135,0
nbeatsx_official_global_panel_horizon_calibrated_v1,raw_reference,client_004_kharkiv_hospital,2026-04-25T23:00:00,4249.262741718006,5747.650229525961,1498.387487807955,0
nbeatsx_official_global_panel_horizon_calibrated_v1,schedule_value_learner_v2_plus,client_004_kharkiv_hospital,2026-04-25T23:00:00,4285.389867218899,5747.650229525961,1462.2603623070618,0
nbeatsx_official_global_panel_horizon_calibrated_v1,schedule_value_learner_v2_reference,client_004_kharkiv_hospital,2026-04-25T23:00:00,4285.389867218899,5747.650229525961,1462.2603623070618,0
nbeatsx_official_global_panel_horizon_calibrated_v1,strict_reference,client_004_kharkiv_hospital,2026-04-25T23:00:00,4285.389867218899,5747.650229525961,1462.2603623070618,0
nbeatsx_official_global_panel_horizon_calibrated_v1,raw_reference,client_004_kharkiv_hospital,2026-04-26T23:00:00,5170.047561220918,5709.546351687355,539.4987904664367,0
nbeatsx_official_global_panel_horizon_calibrated_v1,schedule_value_learner_v2_plus,client_004_kharkiv_hospital,2026-04-26T23:00:00,5709.546352222078,5709.546351687355,0.0,0
nbeatsx_official_global_panel_horizon_calibrated_v1,schedule_value_learner_v2_reference,client_004_kharkiv_hospital,2026-04-26T23:00:00,5709.546352222078,5709.546351687355,0.0,0
nbeatsx_official_global_panel_horizon_calibrated_v1,strict_reference,client_004_kharkiv_hospital,2026-04-26T23:00:00,5661.641831476691,5709.546351687355,47.90452021066449,0
nbeatsx_official_global_panel_horizon_calibrated_v1,raw_reference,client_004_kharkiv_hospital,2026-04-27T23:00:00,5412.905002946209,5708.77395664684,295.8689537006312,0
nbeatsx_official_global_panel_horizon_calibrated_v1,schedule_value_learner_v2_plus,client_004_kharkiv_hospital,2026-04-27T23:00:00,5610.510805304252,5708.77395664684,98.26315134258766,0
nbeatsx_official_global_panel_horizon_calibrated_v1,schedule_value_learner_v2_reference,client_004_kharkiv_hospital,2026-04-27T23:00:00,5610.51039765278,5708.77395664684,98.26355899406008,0
nbeatsx_official_global_panel_horizon_calibrated_v1,strict_reference,client_004_kharkiv_hospital,2026-04-27T23:00:00,5395.868852629691,5708.77395664684,312.9051040171489,0
nbeatsx_official_global_panel_horizon_calibrated_v1,raw_reference,client_004_kharkiv_hospital,2026-04-28T23:00:00,5442.88006659025,5536.208299458982,93.3282328687319,0
nbeatsx_official_global_panel_horizon_calibrated_v1,schedule_value_learner_v2_plus,client_004_kharkiv_hospital,2026-04-28T23:00:00,5536.053827435639,5536.208299458982,0.15447202334325993,0
nbeatsx_official_global_panel_horizon_calibrated_v1,schedule_value_learner_v2_reference,client_004_kharkiv_hospital,2026-04-28T23:00:00,5536.053827435639,5536.208299458982,0.15447202334325993,0
nbeatsx_official_global_panel_horizon_calibrated_v1,strict_reference,client_004_kharkiv_hospital,2026-04-28T23:00:00,5536.053817883992,5536.208299458982,0.15448157498940418,0
nbeatsx_official_global_panel_horizon_calibrated_v1,raw_reference,client_004_kharkiv_hospital,2026-04-29T23:00:00,760.7937406262758,6271.826430589374,5511.032689963098,0
nbeatsx_official_global_panel_horizon_calibrated_v1,schedule_value_learner_v2_plus,client_004_kharkiv_hospital,2026-04-29T23:00:00,5601.442378642554,6271.826430589374,670.3840519468195,0
nbeatsx_official_global_panel_horizon_calibrated_v1,schedule_value_learner_v2_reference,client_004_kharkiv_hospital,2026-04-29T23:00:00,5601.442378642554,6271.826430589374,670.3840519468195,0
nbeatsx_official_global_panel_horizon_calibrated_v1,strict_reference,client_004_kharkiv_hospital,2026-04-29T23:00:00,5601.442378642554,6271.826430589374,670.3840519468195,0
nbeatsx_official_global_panel_v1,raw_reference,client_004_kharkiv_hospital,2026-04-12T23:00:00,3439.0220695679686,4179.405373116858,740.3833035488892,0
nbeatsx_official_global_panel_v1,schedule_value_learner_v2_plus,client_004_kharkiv_hospital,2026-04-12T23:00:00,4150.5716093496685,4179.405373116858,28.83376376718934,0
nbeatsx_official_global_panel_v1,schedule_value_learner_v2_reference,client_004_kharkiv_hospital,2026-04-12T23:00:00,4150.5716093496685,4179.405373116858,28.83376376718934,0
nbeatsx_official_global_panel_v1,strict_reference,client_004_kharkiv_hospital,2026-04-12T23:00:00,3990.2498930219717,4179.405373116858,189.15548009488612,0
nbeatsx_official_global_panel_v1,raw_reference,client_004_kharkiv_hospital,2026-04-13T23:00:00,5057.346603756818,5212.337432464647,154.99082870782877,0
nbeatsx_official_global_panel_v1,schedule_value_learner_v2_plus,client_004_kharkiv_hospital,2026-04-13T23:00:00,5130.494217402414,5212.337432464647,81.84321506223296,0
nbeatsx_official_global_panel_v1,schedule_value_learner_v2_reference,client_004_kharkiv_hospital,2026-04-13T23:00:00,5057.346520581639,5212.337432464647,154.99091188300736,0
nbeatsx_official_global_panel_v1,strict_reference,client_004_kharkiv_hospital,2026-04-13T23:00:00,4647.736419448564,5212.337432464647,564.6010130160821,0
nbeatsx_official_global_panel_v1,raw_reference,client_004_kharkiv_hospital,2026-04-14T23:00:00,4633.586542591551,5246.525845634401,612.93930304285,0
nbeatsx_official_global_panel_v1,schedule_value_learner_v2_plus,client_004_kharkiv_hospital,2026-04-14T23:00:00,5066.929909090025,5246.525845634401,179.59593654437595,0
nbeatsx_official_global_panel_v1,schedule_value_learner_v2_reference,client_004_kharkiv_hospital,2026-04-14T23:00:00,4981.610280291087,5246.525845634401,264.9155653433136,0
nbeatsx_official_global_panel_v1,strict_reference,client_004_kharkiv_hospital,2026-04-14T23:00:00,4459.37666781807,5246.525845634401,787.1491778163308,0
nbeatsx_official_global_panel_v1,raw_reference,client_004_kharkiv_hospital,2026-04-15T23:00:00,3559.9164125989037,4294.406703609322,734.4902910104183,0
nbeatsx_official_global_panel_v1,schedule_value_learner_v2_plus,client_004_kharkiv_hospital,2026-04-15T23:00:00,3853.4304150456665,4294.406703609322,440.97628856365554,0
nbeatsx_official_global_panel_v1,schedule_value_learner_v2_reference,client_004_kharkiv_hospital,2026-04-15T23:00:00,3853.4304150456665,4294.406703609322,440.97628856365554,0
nbeatsx_official_global_panel_v1,strict_reference,client_004_kharkiv_hospital,2026-04-15T23:00:00,4200.629034311061,4294.406703609322,93.77766929826066,0
nbeatsx_official_global_panel_v1,raw_reference,client_004_kharkiv_hospital,2026-04-16T23:00:00,5331.246482802759,5560.778961438967,229.532478636208,0
nbeatsx_official_global_panel_v1,schedule_value_learner_v2_plus,client_004_kharkiv_hospital,2026-04-16T23:00:00,5445.037934856703,5560.778961438967,115.74102658226366,0
nbeatsx_official_global_panel_v1,schedule_value_learner_v2_reference,client_004_kharkiv_hospital,2026-04-16T23:00:00,5445.037934856703,5560.778961438967,115.74102658226366,0
nbeatsx_official_global_panel_v1,strict_reference,client_004_kharkiv_hospital,2026-04-16T23:00:00,5352.547160781649,5560.778961438967,208.23180065731776,0
nbeatsx_official_global_panel_v1,raw_reference,client_004_kharkiv_hospital,2026-04-17T23:00:00,5014.732669489166,5191.04380486597,176.31113537680358,0
nbeatsx_official_global_panel_v1,schedule_value_learner_v2_plus,client_004_kharkiv_hospital,2026-04-17T23:00:00,5014.732669732571,5191.04380486597,176.31113513339915,0
nbeatsx_official_global_panel_v1,schedule_value_learner_v2_reference,client_004_kharkiv_hospital,2026-04-17T23:00:00,5012.40424169457,5191.04380486597,178.63956317139946,0
nbeatsx_official_global_panel_v1,strict_reference,client_004_kharkiv_hospital,2026-04-17T23:00:00,4892.38369964871,5191.04380486597,298.66010521726,0
nbeatsx_official_global_panel_v1,raw_reference,client_004_kharkiv_hospital,2026-04-18T23:00:00,4359.79761709116,4452.007071567458,92.20945447629856,0
nbeatsx_official_global_panel_v1,schedule_value_learner_v2_plus,client_004_kharkiv_hospital,2026-04-18T23:00:00,4377.227517650871,4452.007071567458,74.77955391658725,0
nbeatsx_official_global_panel_v1,schedule_value_learner_v2_reference,client_004_kharkiv_hospital,2026-04-18T23:00:00,4377.227517650871,4452.007071567458,74.77955391658725,0
nbeatsx_official_global_panel_v1,strict_reference,client_004_kharkiv_hospital,2026-04-18T23:00:00,3805.34260253814,4452.007071567458,646.6644690293183,0
nbeatsx_official_global_panel_v1,raw_reference,client_004_kharkiv_hospital,2026-04-19T23:00:00,3944.826975996553,4701.664960663449,756.8379846668963,0
nbeatsx_official_global_panel_v1,schedule_value_learner_v2_plus,client_004_kharkiv_hospital,2026-04-19T23:00:00,4312.288611759072,4701.664960663449,389.37634890437675,0
nbeatsx_official_global_panel_v1,schedule_value_learner_v2_reference,client_004_kharkiv_hospital,2026-04-19T23:00:00,3775.449242235847,4701.664960663449,926.215718427602,0
nbeatsx_official_global_panel_v1,strict_reference,client_004_kharkiv_hospital,2026-04-19T23:00:00,3775.449242235847,4701.664960663449,926.215718427602,0
nbeatsx_official_global_panel_v1,raw_reference,client_004_kharkiv_hospital,2026-04-20T23:00:00,5190.674814710169,5425.292718835279,234.61790412510982,0
nbeatsx_official_global_panel_v1,schedule_value_learner_v2_plus,client_004_kharkiv_hospital,2026-04-20T23:00:00,5377.115313049008,5425.292718835279,48.177405786270356,0
nbeatsx_official_global_panel_v1,schedule_value_learner_v2_reference,client_004_kharkiv_hospital,2026-04-20T23:00:00,5360.546749326064,5425.292718835279,64.74596950921477,0
nbeatsx_official_global_panel_v1,strict_reference,client_004_kharkiv_hospital,2026-04-20T23:00:00,5310.090841365357,5425.292718835279,115.20187746992178,0
nbeatsx_official_global_panel_v1,raw_reference,client_004_kharkiv_hospital,2026-04-21T23:00:00,4376.07119547669,5422.916549600862,1046.8453541241715,0
nbeatsx_official_global_panel_v1,schedule_value_learner_v2_plus,client_004_kharkiv_hospital,2026-04-21T23:00:00,5304.877367072861,5422.916549600862,118.03918252800122,0
nbeatsx_official_global_panel_v1,schedule_value_learner_v2_reference,client_004_kharkiv_hospital,2026-04-21T23:00:00,5304.877367072861,5422.916549600862,118.03918252800122,0
nbeatsx_official_global_panel_v1,strict_reference,client_004_kharkiv_hospital,2026-04-21T23:00:00,5306.660306518873,5422.916549600862,116.25624308198894,0
nbeatsx_official_global_panel_v1,raw_reference,client_004_kharkiv_hospital,2026-04-22T23:00:00,5532.29939352343,5777.055694201124,244.75630067769453,0
nbeatsx_official_global_panel_v1,schedule_value_learner_v2_plus,client_004_kharkiv_hospital,2026-04-22T23:00:00,5571.9252925153605,5777.055694201124,205.1304016857639,0
nbeatsx_official_global_panel_v1,schedule_value_learner_v2_reference,client_004_kharkiv_hospital,2026-04-22T23:00:00,5571.92529012675,5777.055694201124,205.13040407437438,0
nbeatsx_official_global_panel_v1,strict_reference,client_004_kharkiv_hospital,2026-04-22T23:00:00,5360.833861685989,5777.055694201124,416.22183251513525,0
nbeatsx_official_global_panel_v1,raw_reference,client_004_kharkiv_hospital,2026-04-23T23:00:00,5048.984585846235,5673.537228558975,624.5526427127397,0
nbeatsx_official_global_panel_v1,schedule_value_learner_v2_plus,client_004_kharkiv_hospital,2026-04-23T23:00:00,5634.326581022224,5673.537228558975,39.21064753675091,0
nbeatsx_official_global_panel_v1,schedule_value_learner_v2_reference,client_004_kharkiv_hospital,2026-04-23T23:00:00,5366.033411608256,5673.537228558975,307.50381695071883,0
nbeatsx_official_global_panel_v1,strict_reference,client_004_kharkiv_hospital,2026-04-23T23:00:00,5554.609358459104,5673.537228558975,118.92787009987023,0
nbeatsx_official_global_panel_v1,raw_reference,client_004_kharkiv_hospital,2026-04-24T23:00:00,4840.92651413029,5401.429991608965,560.5034774786745,0
nbeatsx_official_global_panel_v1,schedule_value_learner_v2_plus,client_004_kharkiv_hospital,2026-04-24T23:00:00,5391.039423733927,5401.429991608965,10.39056787503796,0
nbeatsx_official_global_panel_v1,schedule_value_learner_v2_reference,client_004_kharkiv_hospital,2026-04-24T23:00:00,5380.28117660623,5401.429991608965,21.14881500273532,0
nbeatsx_official_global_panel_v1,strict_reference,client_004_kharkiv_hospital,2026-04-24T23:00:00,5379.863726842342,5401.429991608965,21.566264766623135,0
nbeatsx_official_global_panel_v1,raw_reference,client_004_kharkiv_hospital,2026-04-25T23:00:00,3662.332526869076,5747.650229525961,2085.3177026568846,0
nbeatsx_official_global_panel_v1,schedule_value_learner_v2_plus,client_004_kharkiv_hospital,2026-04-25T23:00:00,4285.389867218899,5747.650229525961,1462.2603623070618,0
nbeatsx_official_global_panel_v1,schedule_value_learner_v2_reference,client_004_kharkiv_hospital,2026-04-25T23:00:00,4285.389867218899,5747.650229525961,1462.2603623070618,0
nbeatsx_official_global_panel_v1,strict_reference,client_004_kharkiv_hospital,2026-04-25T23:00:00,4285.389867218899,5747.650229525961,1462.2603623070618,0
nbeatsx_official_global_panel_v1,raw_reference,client_004_kharkiv_hospital,2026-04-26T23:00:00,5102.263294765199,5709.546351687355,607.283056922156,0
nbeatsx_official_global_panel_v1,schedule_value_learner_v2_plus,client_004_kharkiv_hospital,2026-04-26T23:00:00,5709.546339654444,5709.546351687355,1.2032911399728619e-05,0
nbeatsx_official_global_panel_v1,schedule_value_learner_v2_reference,client_004_kharkiv_hospital,2026-04-26T23:00:00,5709.546339654444,5709.546351687355,1.2032911399728619e-05,0
nbeatsx_official_global_panel_v1,strict_reference,client_004_kharkiv_hospital,2026-04-26T23:00:00,5661.641831476691,5709.546351687355,47.90452021066449,0
nbeatsx_official_global_panel_v1,raw_reference,client_004_kharkiv_hospital,2026-04-27T23:00:00,5164.422409528966,5708.77395664684,544.3515471178735,0
nbeatsx_official_global_panel_v1,schedule_value_learner_v2_plus,client_004_kharkiv_hospital,2026-04-27T23:00:00,5703.9211906779765,5708.77395664684,4.852765968863423,0
nbeatsx_official_global_panel_v1,schedule_value_learner_v2_reference,client_004_kharkiv_hospital,2026-04-27T23:00:00,5703.9211906779765,5708.77395664684,4.852765968863423,0
nbeatsx_official_global_panel_v1,strict_reference,client_004_kharkiv_hospital,2026-04-27T23:00:00,5395.868852629691,5708.77395664684,312.9051040171489,0
nbeatsx_official_global_panel_v1,raw_reference,client_004_kharkiv_hospital,2026-04-28T23:00:00,4993.975079986134,5536.208299458982,542.2332194728478,0
nbeatsx_official_global_panel_v1,schedule_value_learner_v2_plus,client_004_kharkiv_hospital,2026-04-28T23:00:00,5533.443218017337,5536.208299458982,2.7650814416447247,0
nbeatsx_official_global_panel_v1,schedule_value_learner_v2_reference,client_004_kharkiv_hospital,2026-04-28T23:00:00,5533.443218017337,5536.208299458982,2.7650814416447247,0
nbeatsx_official_global_panel_v1,strict_reference,client_004_kharkiv_hospital,2026-04-28T23:00:00,5536.053817883992,5536.208299458982,0.15448157498940418,0
nbeatsx_official_global_panel_v1,raw_reference,client_004_kharkiv_hospital,2026-04-29T23:00:00,-973.3657758864069,6271.826430589374,7245.19220647578,0
nbeatsx_official_global_panel_v1,schedule_value_learner_v2_plus,client_004_kharkiv_hospital,2026-04-29T23:00:00,5601.442378642554,6271.826430589374,670.3840519468195,0
nbeatsx_official_global_panel_v1,schedule_value_learner_v2_reference,client_004_kharkiv_hospital,2026-04-29T23:00:00,5601.442378642554,6271.826430589374,670.3840519468195,0
nbeatsx_official_global_panel_v1,strict_reference,client_004_kharkiv_hospital,2026-04-29T23:00:00,5601.442378642554,6271.826430589374,670.3840519468195,0
nbeatsx_official_global_panel_horizon_calibrated_v1,raw_reference,client_005_odesa_hotel,2026-04-12T23:00:00,1639.331949910966,1767.5466495356711,128.2146996247052,0
nbeatsx_official_global_panel_horizon_calibrated_v1,schedule_value_learner_v2_plus,client_005_odesa_hotel,2026-04-12T23:00:00,1745.0857570353974,1767.5466495356711,22.460892500273758,0
nbeatsx_official_global_panel_horizon_calibrated_v1,schedule_value_learner_v2_reference,client_005_odesa_hotel,2026-04-12T23:00:00,1745.0857570353974,1767.5466495356711,22.460892500273758,0
nbeatsx_official_global_panel_horizon_calibrated_v1,strict_reference,client_005_odesa_hotel,2026-04-12T23:00:00,1665.4819624813454,1767.5466495356711,102.06468705432576,0
nbeatsx_official_global_panel_horizon_calibrated_v1,raw_reference,client_005_odesa_hotel,2026-04-13T23:00:00,1990.872563858204,2215.5861873454073,224.71362348720322,0
nbeatsx_official_global_panel_horizon_calibrated_v1,schedule_value_learner_v2_plus,client_005_odesa_hotel,2026-04-13T23:00:00,2163.5903709023414,2215.5861873454073,51.995816443065905,0
nbeatsx_official_global_panel_horizon_calibrated_v1,schedule_value_learner_v2_reference,client_005_odesa_hotel,2026-04-13T23:00:00,2146.912971239707,2215.5861873454073,68.67321610570025,0
nbeatsx_official_global_panel_horizon_calibrated_v1,strict_reference,client_005_odesa_hotel,2026-04-13T23:00:00,2047.6696240536971,2215.5861873454073,167.9165632917102,0
nbeatsx_official_global_panel_horizon_calibrated_v1,raw_reference,client_005_odesa_hotel,2026-04-14T23:00:00,2041.138513519384,2225.7037380948386,184.56522457545452,0
nbeatsx_official_global_panel_horizon_calibrated_v1,schedule_value_learner_v2_plus,client_005_odesa_hotel,2026-04-14T23:00:00,2175.7470158189126,2225.7037380948386,49.95672227592604,0
nbeatsx_official_global_panel_horizon_calibrated_v1,schedule_value_learner_v2_reference,client_005_odesa_hotel,2026-04-14T23:00:00,2158.3641575466245,2225.7037380948386,67.33958054821414,0
nbeatsx_official_global_panel_horizon_calibrated_v1,strict_reference,client_005_odesa_hotel,2026-04-14T23:00:00,1791.5038156572841,2225.7037380948386,434.1999224375545,0
nbeatsx_official_global_panel_horizon_calibrated_v1,raw_reference,client_005_odesa_hotel,2026-04-15T23:00:00,1277.9512632472797,1773.82383702671,495.87257377943024,0
nbeatsx_official_global_panel_horizon_calibrated_v1,schedule_value_learner_v2_plus,client_005_odesa_hotel,2026-04-15T23:00:00,1571.990464321462,1773.82383702671,201.83337270524794,0
nbeatsx_official_global_panel_horizon_calibrated_v1,schedule_value_learner_v2_reference,client_005_odesa_hotel,2026-04-15T23:00:00,1554.996174652255,1773.82383702671,218.82766237445503,0
nbeatsx_official_global_panel_horizon_calibrated_v1,strict_reference,client_005_odesa_hotel,2026-04-15T23:00:00,1727.4672257241218,1773.82383702671,46.356611302588135,0
nbeatsx_official_global_panel_horizon_calibrated_v1,raw_reference,client_005_odesa_hotel,2026-04-16T23:00:00,2300.0830721017983,2390.210389077307,90.12731697550862,0
nbeatsx_official_global_panel_horizon_calibrated_v1,schedule_value_learner_v2_plus,client_005_odesa_hotel,2026-04-16T23:00:00,2380.0494801698264,2390.210389077307,10.160908907480461,0
nbeatsx_official_global_panel_horizon_calibrated_v1,schedule_value_learner_v2_reference,client_005_odesa_hotel,2026-04-16T23:00:00,2344.9543755968743,2390.210389077307,45.25601348043256,0
nbeatsx_official_global_panel_horizon_calibrated_v1,strict_reference,client_005_odesa_hotel,2026-04-16T23:00:00,2268.815087734994,2390.210389077307,121.3953013423129,0
nbeatsx_official_global_panel_horizon_calibrated_v1,raw_reference,client_005_odesa_hotel,2026-04-17T23:00:00,2030.8673245994842,2235.0304545060744,204.16312990659026,0
nbeatsx_official_global_panel_horizon_calibrated_v1,schedule_value_learner_v2_plus,client_005_odesa_hotel,2026-04-17T23:00:00,2193.6387145947324,2235.0304545060744,41.39173991134203,0
nbeatsx_official_global_panel_horizon_calibrated_v1,schedule_value_learner_v2_reference,client_005_odesa_hotel,2026-04-17T23:00:00,2167.7957137900594,2235.0304545060744,67.23474071601504,0
nbeatsx_official_global_panel_horizon_calibrated_v1,strict_reference,client_005_odesa_hotel,2026-04-17T23:00:00,2021.2470249251437,2235.0304545060744,213.78342958093072,0
nbeatsx_official_global_panel_horizon_calibrated_v1,raw_reference,client_005_odesa_hotel,2026-04-18T23:00:00,1370.9783852634584,1904.9583469011723,533.9799616377138,0
nbeatsx_official_global_panel_horizon_calibrated_v1,schedule_value_learner_v2_plus,client_005_odesa_hotel,2026-04-18T23:00:00,1751.9110838666513,1904.9583469011723,153.04726303452094,0
nbeatsx_official_global_panel_horizon_calibrated_v1,schedule_value_learner_v2_reference,client_005_odesa_hotel,2026-04-18T23:00:00,1592.017459768576,1904.9583469011723,312.94088713259634,0
nbeatsx_official_global_panel_horizon_calibrated_v1,strict_reference,client_005_odesa_hotel,2026-04-18T23:00:00,1592.017459768576,1904.9583469011723,312.94088713259634,0
nbeatsx_official_global_panel_horizon_calibrated_v1,raw_reference,client_005_odesa_hotel,2026-04-19T23:00:00,1732.152888033551,1966.0631733064488,233.91028527289768,0
nbeatsx_official_global_panel_horizon_calibrated_v1,schedule_value_learner_v2_plus,client_005_odesa_hotel,2026-04-19T23:00:00,1811.182114490481,1966.0631733064488,154.8810588159679,0
nbeatsx_official_global_panel_horizon_calibrated_v1,schedule_value_learner_v2_reference,client_005_odesa_hotel,2026-04-19T23:00:00,1811.182114490481,1966.0631733064488,154.8810588159679,0
nbeatsx_official_global_panel_horizon_calibrated_v1,strict_reference,client_005_odesa_hotel,2026-04-19T23:00:00,1672.7852611207395,1966.0631733064488,293.2779121857093,0
nbeatsx_official_global_panel_horizon_calibrated_v1,raw_reference,client_005_odesa_hotel,2026-04-20T23:00:00,1891.12086074139,2316.880793638269,425.75993289687904,0
nbeatsx_official_global_panel_horizon_calibrated_v1,schedule_value_learner_v2_plus,client_005_odesa_hotel,2026-04-20T23:00:00,2256.1167821883423,2316.880793638269,60.764011449926784,0
nbeatsx_official_global_panel_horizon_calibrated_v1,schedule_value_learner_v2_reference,client_005_odesa_hotel,2026-04-20T23:00:00,2256.1167821883423,2316.880793638269,60.764011449926784,0
nbeatsx_official_global_panel_horizon_calibrated_v1,strict_reference,client_005_odesa_hotel,2026-04-20T23:00:00,2254.5179609580746,2316.880793638269,62.362832680194515,0
nbeatsx_official_global_panel_horizon_calibrated_v1,raw_reference,client_005_odesa_hotel,2026-04-21T23:00:00,2041.3697098621687,2305.771652911241,264.4019430490721,0
nbeatsx_official_global_panel_horizon_calibrated_v1,schedule_value_learner_v2_plus,client_005_odesa_hotel,2026-04-21T23:00:00,2298.062652396842,2305.771652911241,7.709000514398667,0
nbeatsx_official_global_panel_horizon_calibrated_v1,schedule_value_learner_v2_reference,client_005_odesa_hotel,2026-04-21T23:00:00,2206.3513739464966,2305.771652911241,99.42027896474428,0
nbeatsx_official_global_panel_horizon_calibrated_v1,strict_reference,client_005_odesa_hotel,2026-04-21T23:00:00,2206.9603781910128,2305.771652911241,98.81127472022808,0
nbeatsx_official_global_panel_horizon_calibrated_v1,raw_reference,client_005_odesa_hotel,2026-04-22T23:00:00,2369.2165333438575,2500.408500598225,131.19196725436768,0
nbeatsx_official_global_panel_horizon_calibrated_v1,schedule_value_learner_v2_plus,client_005_odesa_hotel,2026-04-22T23:00:00,2447.7621058468194,2500.408500598225,52.64639475140575,0
nbeatsx_official_global_panel_horizon_calibrated_v1,schedule_value_learner_v2_reference,client_005_odesa_hotel,2026-04-22T23:00:00,2447.7621058468194,2500.408500598225,52.64639475140575,0
nbeatsx_official_global_panel_horizon_calibrated_v1,strict_reference,client_005_odesa_hotel,2026-04-22T23:00:00,2271.0428737670854,2500.408500598225,229.3656268311397,0
nbeatsx_official_global_panel_horizon_calibrated_v1,raw_reference,client_005_odesa_hotel,2026-04-23T23:00:00,2161.7912462481167,2425.4549220950635,263.6636758469467,0
nbeatsx_official_global_panel_horizon_calibrated_v1,schedule_value_learner_v2_plus,client_005_odesa_hotel,2026-04-23T23:00:00,2332.166297647398,2425.4549220950635,93.28862444766537,0
nbeatsx_official_global_panel_horizon_calibrated_v1,schedule_value_learner_v2_reference,client_005_odesa_hotel,2026-04-23T23:00:00,2332.166297647398,2425.4549220950635,93.28862444766537,0
nbeatsx_official_global_panel_horizon_calibrated_v1,strict_reference,client_005_odesa_hotel,2026-04-23T23:00:00,2326.0826899051485,2425.4549220950635,99.37223218991494,0
nbeatsx_official_global_panel_horizon_calibrated_v1,raw_reference,client_005_odesa_hotel,2026-04-24T23:00:00,2120.358087156365,2344.5036104215787,224.1455232652138,0
nbeatsx_official_global_panel_horizon_calibrated_v1,schedule_value_learner_v2_plus,client_005_odesa_hotel,2026-04-24T23:00:00,2340.4976474254654,2344.5036104215787,4.00596299611334,0
nbeatsx_official_global_panel_horizon_calibrated_v1,schedule_value_learner_v2_reference,client_005_odesa_hotel,2026-04-24T23:00:00,2336.469487201522,2344.5036104215787,8.0341232200567,0
nbeatsx_official_global_panel_horizon_calibrated_v1,strict_reference,client_005_odesa_hotel,2026-04-24T23:00:00,2336.43332030588,2344.5036104215787,8.070290115698754,0
nbeatsx_official_global_panel_horizon_calibrated_v1,raw_reference,client_005_odesa_hotel,2026-04-25T23:00:00,1952.1660236885714,2526.6741184199527,574.5080947313813,0
nbeatsx_official_global_panel_horizon_calibrated_v1,schedule_value_learner_v2_plus,client_005_odesa_hotel,2026-04-25T23:00:00,1850.3886977519574,2526.6741184199527,676.2854206679954,0
nbeatsx_official_global_panel_horizon_calibrated_v1,schedule_value_learner_v2_reference,client_005_odesa_hotel,2026-04-25T23:00:00,1850.3886977519574,2526.6741184199527,676.2854206679954,0
nbeatsx_official_global_panel_horizon_calibrated_v1,strict_reference,client_005_odesa_hotel,2026-04-25T23:00:00,1850.3886977519574,2526.6741184199527,676.2854206679954,0
nbeatsx_official_global_panel_horizon_calibrated_v1,raw_reference,client_005_odesa_hotel,2026-04-26T23:00:00,2181.3385530894134,2442.055933532055,260.71738044264157,0
nbeatsx_official_global_panel_horizon_calibrated_v1,schedule_value_learner_v2_plus,client_005_odesa_hotel,2026-04-26T23:00:00,2416.0280372829247,2442.055933532055,26.027896249130208,0
nbeatsx_official_global_panel_horizon_calibrated_v1,schedule_value_learner_v2_reference,client_005_odesa_hotel,2026-04-26T23:00:00,2406.3996211410595,2442.055933532055,35.65631239099548,0
nbeatsx_official_global_panel_horizon_calibrated_v1,strict_reference,client_005_odesa_hotel,2026-04-26T23:00:00,2426.522089392981,2442.055933532055,15.533844139074063,0
nbeatsx_official_global_panel_horizon_calibrated_v1,raw_reference,client_005_odesa_hotel,2026-04-27T23:00:00,2328.603484511833,2441.712647073215,113.10916256138216,0
nbeatsx_official_global_panel_horizon_calibrated_v1,schedule_value_learner_v2_plus,client_005_odesa_hotel,2026-04-27T23:00:00,2353.3512110634397,2441.712647073215,88.36143600977539,0
nbeatsx_official_global_panel_horizon_calibrated_v1,schedule_value_learner_v2_reference,client_005_odesa_hotel,2026-04-27T23:00:00,2353.3512110634397,2441.712647073215,88.36143600977539,0
nbeatsx_official_global_panel_horizon_calibrated_v1,strict_reference,client_005_odesa_hotel,2026-04-27T23:00:00,2295.757640774075,2441.712647073215,145.95500629914022,0
nbeatsx_official_global_panel_horizon_calibrated_v1,raw_reference,client_005_odesa_hotel,2026-04-28T23:00:00,2247.1090029369216,2359.5837244228687,112.47472148594716,0
nbeatsx_official_global_panel_horizon_calibrated_v1,schedule_value_learner_v2_plus,client_005_odesa_hotel,2026-04-28T23:00:00,2353.1818867374272,2359.5837244228687,6.401837685441478,0
nbeatsx_official_global_panel_horizon_calibrated_v1,schedule_value_learner_v2_reference,client_005_odesa_hotel,2026-04-28T23:00:00,2353.1818867374272,2359.5837244228687,6.401837685441478,0
nbeatsx_official_global_panel_horizon_calibrated_v1,strict_reference,client_005_odesa_hotel,2026-04-28T23:00:00,2359.515065945041,2359.5837244228687,0.06865847782773926,0
nbeatsx_official_global_panel_horizon_calibrated_v1,raw_reference,client_005_odesa_hotel,2026-04-29T23:00:00,213.79724201898847,2772.670281932903,2558.8730399139145,0
nbeatsx_official_global_panel_horizon_calibrated_v1,schedule_value_learner_v2_plus,client_005_odesa_hotel,2026-04-29T23:00:00,2395.5030726080518,2772.670281932903,377.1672093248512,0
nbeatsx_official_global_panel_horizon_calibrated_v1,schedule_value_learner_v2_reference,client_005_odesa_hotel,2026-04-29T23:00:00,2395.5030726080518,2772.670281932903,377.1672093248512,0
nbeatsx_official_global_panel_horizon_calibrated_v1,strict_reference,client_005_odesa_hotel,2026-04-29T23:00:00,2395.5030726080518,2772.670281932903,377.1672093248512,0
nbeatsx_official_global_panel_v1,raw_reference,client_005_odesa_hotel,2026-04-12T23:00:00,1451.720779698238,1767.5466495356711,315.8258698374332,0
nbeatsx_official_global_panel_v1,schedule_value_learner_v2_plus,client_005_odesa_hotel,2026-04-12T23:00:00,1745.0857575265431,1767.5466495356711,22.460892009127974,0
nbeatsx_official_global_panel_v1,schedule_value_learner_v2_reference,client_005_odesa_hotel,2026-04-12T23:00:00,1745.0857575265431,1767.5466495356711,22.460892009127974,0
nbeatsx_official_global_panel_v1,strict_reference,client_005_odesa_hotel,2026-04-12T23:00:00,1665.4819624813454,1767.5466495356711,102.06468705432576,0
nbeatsx_official_global_panel_v1,raw_reference,client_005_odesa_hotel,2026-04-13T23:00:00,2164.5759712960985,2215.5861873454073,51.01021604930884,0
nbeatsx_official_global_panel_v1,schedule_value_learner_v2_plus,client_005_odesa_hotel,2026-04-13T23:00:00,2180.271674956011,2215.5861873454073,35.31451238939644,0
nbeatsx_official_global_panel_v1,schedule_value_learner_v2_reference,client_005_odesa_hotel,2026-04-13T23:00:00,2164.57597281197,2215.5861873454073,51.01021453343719,0
nbeatsx_official_global_panel_v1,strict_reference,client_005_odesa_hotel,2026-04-13T23:00:00,2047.6696240536971,2215.5861873454073,167.9165632917102,0
nbeatsx_official_global_panel_v1,raw_reference,client_005_odesa_hotel,2026-04-14T23:00:00,2138.124337166809,2225.7037380948386,87.57940092802983,0
nbeatsx_official_global_panel_v1,schedule_value_learner_v2_plus,client_005_odesa_hotel,2026-04-14T23:00:00,2185.3459428075103,2225.7037380948386,40.35779528732837,0
nbeatsx_official_global_panel_v1,schedule_value_learner_v2_reference,client_005_odesa_hotel,2026-04-14T23:00:00,2157.142976299182,2225.7037380948386,68.56076179565662,0
nbeatsx_official_global_panel_v1,strict_reference,client_005_odesa_hotel,2026-04-14T23:00:00,1791.5038156572841,2225.7037380948386,434.1999224375545,0
nbeatsx_official_global_panel_v1,raw_reference,client_005_odesa_hotel,2026-04-15T23:00:00,1359.9540310353327,1773.82383702671,413.86980599137723,0
nbeatsx_official_global_panel_v1,schedule_value_learner_v2_plus,client_005_odesa_hotel,2026-04-15T23:00:00,1584.8912002848988,1773.82383702671,188.93263674181117,0
nbeatsx_official_global_panel_v1,schedule_value_learner_v2_reference,client_005_odesa_hotel,2026-04-15T23:00:00,1584.8912002848988,1773.82383702671,188.93263674181117,0
nbeatsx_official_global_panel_v1,strict_reference,client_005_odesa_hotel,2026-04-15T23:00:00,1727.4672257241218,1773.82383702671,46.356611302588135,0
nbeatsx_official_global_panel_v1,raw_reference,client_005_odesa_hotel,2026-04-16T23:00:00,2294.834183324014,2390.210389077307,95.3762057532931,0
nbeatsx_official_global_panel_v1,schedule_value_learner_v2_plus,client_005_odesa_hotel,2026-04-16T23:00:00,2314.5755275269366,2390.210389077307,75.63486155037026,0
nbeatsx_official_global_panel_v1,schedule_value_learner_v2_reference,client_005_odesa_hotel,2026-04-16T23:00:00,2314.5755225316243,2390.210389077307,75.6348665456826,0
nbeatsx_official_global_panel_v1,strict_reference,client_005_odesa_hotel,2026-04-16T23:00:00,2268.815087734994,2390.210389077307,121.3953013423129,0
nbeatsx_official_global_panel_v1,raw_reference,client_005_odesa_hotel,2026-04-17T23:00:00,2168.894312722501,2235.0304545060744,66.1361417835733,0
nbeatsx_official_global_panel_v1,schedule_value_learner_v2_plus,client_005_odesa_hotel,2026-04-17T23:00:00,2168.8943155210154,2235.0304545060744,66.136138985059,0
nbeatsx_official_global_panel_v1,schedule_value_learner_v2_reference,client_005_odesa_hotel,2026-04-17T23:00:00,2168.8943133292883,2235.0304545060744,66.13614117678617,0
nbeatsx_official_global_panel_v1,strict_reference,client_005_odesa_hotel,2026-04-17T23:00:00,2021.2470249251437,2235.0304545060744,213.78342958093072,0
nbeatsx_official_global_panel_v1,raw_reference,client_005_odesa_hotel,2026-04-18T23:00:00,863.2619894213157,1904.9583469011723,1041.6963574798565,0
nbeatsx_official_global_panel_v1,schedule_value_learner_v2_plus,client_005_odesa_hotel,2026-04-18T23:00:00,1751.9110838666513,1904.9583469011723,153.04726303452094,0
nbeatsx_official_global_panel_v1,schedule_value_learner_v2_reference,client_005_odesa_hotel,2026-04-18T23:00:00,1592.017459768576,1904.9583469011723,312.94088713259634,0
nbeatsx_official_global_panel_v1,strict_reference,client_005_odesa_hotel,2026-04-18T23:00:00,1592.017459768576,1904.9583469011723,312.94088713259634,0
nbeatsx_official_global_panel_v1,raw_reference,client_005_odesa_hotel,2026-04-19T23:00:00,1523.7251135464626,1966.0631733064488,442.3380597599862,0
nbeatsx_official_global_panel_v1,schedule_value_learner_v2_plus,client_005_odesa_hotel,2026-04-19T23:00:00,1672.7852611207395,1966.0631733064488,293.2779121857093,0
nbeatsx_official_global_panel_v1,schedule_value_learner_v2_reference,client_005_odesa_hotel,2026-04-19T23:00:00,1672.7852611207395,1966.0631733064488,293.2779121857093,0
nbeatsx_official_global_panel_v1,strict_reference,client_005_odesa_hotel,2026-04-19T23:00:00,1672.7852611207395,1966.0631733064488,293.2779121857093,0
nbeatsx_official_global_panel_v1,raw_reference,client_005_odesa_hotel,2026-04-20T23:00:00,1379.2320232643629,2316.880793638269,937.6487703739062,0
nbeatsx_official_global_panel_v1,schedule_value_learner_v2_plus,client_005_odesa_hotel,2026-04-20T23:00:00,2256.2571328270765,2316.880793638269,60.62366081119262,0
nbeatsx_official_global_panel_v1,schedule_value_learner_v2_reference,client_005_odesa_hotel,2026-04-20T23:00:00,2256.2571328270765,2316.880793638269,60.62366081119262,0
nbeatsx_official_global_panel_v1,strict_reference,client_005_odesa_hotel,2026-04-20T23:00:00,2254.5179609580746,2316.880793638269,62.362832680194515,0
nbeatsx_official_global_panel_v1,raw_reference,client_005_odesa_hotel,2026-04-21T23:00:00,2089.9572608806675,2305.771652911241,215.81439203057334,0
nbeatsx_official_global_panel_v1,schedule_value_learner_v2_plus,client_005_odesa_hotel,2026-04-21T23:00:00,2291.3300625546804,2305.771652911241,14.441590356560482,0
nbeatsx_official_global_panel_v1,schedule_value_learner_v2_reference,client_005_odesa_hotel,2026-04-21T23:00:00,2205.7244739115445,2305.771652911241,100.04717899969637,0
nbeatsx_official_global_panel_v1,strict_reference,client_005_odesa_hotel,2026-04-21T23:00:00,2206.9603781910128,2305.771652911241,98.81127472022808,0
nbeatsx_official_global_panel_v1,raw_reference,client_005_odesa_hotel,2026-04-22T23:00:00,2399.8077249574,2500.408500598225,100.6007756408253,0
nbeatsx_official_global_panel_v1,schedule_value_learner_v2_plus,client_005_odesa_hotel,2026-04-22T23:00:00,2399.807730956032,2500.408500598225,100.60076964219297,0
nbeatsx_official_global_panel_v1,schedule_value_learner_v2_reference,client_005_odesa_hotel,2026-04-22T23:00:00,2376.096202672999,2500.408500598225,124.31229792522618,0
nbeatsx_official_global_panel_v1,strict_reference,client_005_odesa_hotel,2026-04-22T23:00:00,2271.0428737670854,2500.408500598225,229.3656268311397,0
nbeatsx_official_global_panel_v1,raw_reference,client_005_odesa_hotel,2026-04-23T23:00:00,2157.737232817201,2425.4549220950635,267.7176892778625,0
nbeatsx_official_global_panel_v1,schedule_value_learner_v2_plus,client_005_odesa_hotel,2026-04-23T23:00:00,2379.27411821092,2425.4549220950635,46.18080388414364,0
nbeatsx_official_global_panel_v1,schedule_value_learner_v2_reference,client_005_odesa_hotel,2026-04-23T23:00:00,2303.903621425751,2425.4549220950635,121.55130066931224,0
nbeatsx_official_global_panel_v1,strict_reference,client_005_odesa_hotel,2026-04-23T23:00:00,2326.0826899051485,2425.4549220950635,99.37223218991494,0
nbeatsx_official_global_panel_v1,raw_reference,client_005_odesa_hotel,2026-04-24T23:00:00,2343.6794752365695,2344.5036104215787,0.8241351850092542,0
nbeatsx_official_global_panel_v1,schedule_value_learner_v2_plus,client_005_odesa_hotel,2026-04-24T23:00:00,2344.001608846906,2344.5036104215787,0.502001574672704,0
nbeatsx_official_global_panel_v1,schedule_value_learner_v2_reference,client_005_odesa_hotel,2026-04-24T23:00:00,2343.679480765039,2344.5036104215787,0.8241296565397533,0
nbeatsx_official_global_panel_v1,strict_reference,client_005_odesa_hotel,2026-04-24T23:00:00,2336.43332030588,2344.5036104215787,8.070290115698754,0
nbeatsx_official_global_panel_v1,raw_reference,client_005_odesa_hotel,2026-04-25T23:00:00,1874.7305619967929,2526.6741184199527,651.9435564231599,0
nbeatsx_official_global_panel_v1,schedule_value_learner_v2_plus,client_005_odesa_hotel,2026-04-25T23:00:00,1850.3886977519574,2526.6741184199527,676.2854206679954,0
nbeatsx_official_global_panel_v1,schedule_value_learner_v2_reference,client_005_odesa_hotel,2026-04-25T23:00:00,1850.3886977519574,2526.6741184199527,676.2854206679954,0
nbeatsx_official_global_panel_v1,strict_reference,client_005_odesa_hotel,2026-04-25T23:00:00,1850.3886977519574,2526.6741184199527,676.2854206679954,0
nbeatsx_official_global_panel_v1,raw_reference,client_005_odesa_hotel,2026-04-26T23:00:00,2181.338555559351,2442.055933532055,260.71737797270407,0
nbeatsx_official_global_panel_v1,schedule_value_learner_v2_plus,client_005_odesa_hotel,2026-04-26T23:00:00,2416.0280372829247,2442.055933532055,26.027896249130208,0
nbeatsx_official_global_panel_v1,schedule_value_learner_v2_reference,client_005_odesa_hotel,2026-04-26T23:00:00,2354.387511592891,2442.055933532055,87.66842193916409,0
nbeatsx_official_global_panel_v1,strict_reference,client_005_odesa_hotel,2026-04-26T23:00:00,2426.522089392981,2442.055933532055,15.533844139074063,0
nbeatsx_official_global_panel_v1,raw_reference,client_005_odesa_hotel,2026-04-27T23:00:00,2174.9310888989867,2441.712647073215,266.7815581742284,0
nbeatsx_official_global_panel_v1,schedule_value_learner_v2_plus,client_005_odesa_hotel,2026-04-27T23:00:00,2408.743627189658,2441.712647073215,32.96901988355694,0
nbeatsx_official_global_panel_v1,schedule_value_learner_v2_reference,client_005_odesa_hotel,2026-04-27T23:00:00,2408.743627189658,2441.712647073215,32.96901988355694,0
nbeatsx_official_global_panel_v1,strict_reference,client_005_odesa_hotel,2026-04-27T23:00:00,2295.757640774075,2441.712647073215,145.95500629914022,0
nbeatsx_official_global_panel_v1,raw_reference,client_005_odesa_hotel,2026-04-28T23:00:00,2097.7349090495745,2359.5837244228687,261.8488153732942,0
nbeatsx_official_global_panel_v1,schedule_value_learner_v2_plus,client_005_odesa_hotel,2026-04-28T23:00:00,2338.0193155680936,2359.5837244228687,21.564408854775138,0
nbeatsx_official_global_panel_v1,schedule_value_learner_v2_reference,client_005_odesa_hotel,2026-04-28T23:00:00,2328.667757777767,2359.5837244228687,30.91596664510189,0
nbeatsx_official_global_panel_v1,strict_reference,client_005_odesa_hotel,2026-04-28T23:00:00,2359.515065945041,2359.5837244228687,0.06865847782773926,0
nbeatsx_official_global_panel_v1,raw_reference,client_005_odesa_hotel,2026-04-29T23:00:00,-613.3976773702962,2772.670281932903,3386.067959303199,0
nbeatsx_official_global_panel_v1,schedule_value_learner_v2_plus,client_005_odesa_hotel,2026-04-29T23:00:00,2395.5030726080518,2772.670281932903,377.1672093248512,0
nbeatsx_official_global_panel_v1,schedule_value_learner_v2_reference,client_005_odesa_hotel,2026-04-29T23:00:00,2395.5030726080518,2772.670281932903,377.1672093248512,0
nbeatsx_official_global_panel_v1,strict_reference,client_005_odesa_hotel,2026-04-29T23:00:00,2395.5030726080518,2772.670281932903,377.1672093248512,0
