mention_index,source_n,bibliography_entry,candidate_files,best_score,best_source_path,best_source_line,best_source_preview,context,verdict,reason
1,1,European Commission. Electricity market design. https://energy.ec.europa.eu/topics/markets-and-consumers/electricity-market-design_en,analysis_outputs\thesis_similarity\final_2026-06-08_deep\downloaded_web_sources\source_01_1_3fd4348cc9.txt,0.5998,analysis_outputs\thesis_similarity\final_2026-06-08_deep\downloaded_web_sources\source_01_1_3fd4348cc9.txt,1,regions via the cooperation of power exchanges and transmission system operators to create a single larger integrated and more liquid marketplace it allows electricity to flow seamlessly across borders facilitating efficient resource allocation fostering competition reducing price discrepancies and enhancing grid stability and energy security on 30 september 2025 the eu's day-ahead electricity market moved from hourly to 15-minute trading intervals as envisaged in the electricity regulation eu 2,"Ринок на добу наперед задає погодинні price signals, які можуть бути використані для планування заряду й розряду BESS. Для України така задача має практичну вагу через потребу в гнучкості, інтеграції відновлюваної генерації, локальному балансуванні та зменшенні вартості пікових годин. Ринкова специфіка описується не тільки загальноєвропейською логікою electricity market design, а й локальними правилами, price caps, тарифами та енергетичною політикою України (European Commission, 2026 [1], [2]; NEURC, 2026 [3]; JSC Market Operator, 2026 [4]; Ministry of Economy of Ukraine, 2024 [5], [6]). Водночас академічна модель має обережну межу: наявність historical price rows не перетворює систему на контур подання заявок і не означає, що timestamp publication evidence вже готовий для market-executable сценаріїв. Ця межа узгоджується з європейським контекстом синхронізації та майбутнього market-coupling, але не підміняє український DAM evidence layer (ENTSO-E, 2022 [7]; ACER, 2025 [8]). Європейські роботи про BESS utilization, revenue stacking і energy/reserve bidding корисні як ширший market-design контекст, однак у роботі вони не використовуються як доказ готовності українського live executi",partially-supported,topical/source match present; exact claim scope should be human spot-checked for grouped or broad citations
2,2,European Commission. EU electricity trading in the day-ahead markets becomes more dynamic. https://energy.ec.europa.eu/news/eu-electricity-trading-day-ahead-markets-becomes-more-dynamic-2025-10-01_en,analysis_outputs\thesis_similarity\final_2026-06-08_deep\downloaded_web_sources\source_02_1_4ca667995a.txt,0.5934,analysis_outputs\thesis_similarity\final_2026-06-08_deep\downloaded_web_sources\source_02_1_4ca667995a.txt,1,goals by making it easier to integrate clean energy into daily electricity consumption background the transition from hourly to 15-minute trading in day-ahead and intraday markets is envisaged in the electricity regulation eu 2019 943 the implementation in the day-ahead markets has required significant adaptations to the functioning of the sdac and has been made possible thanks to the concerted efforts by eu nominated electricity market operators transmission system operators industry stakeholde,"Ринок на добу наперед задає погодинні price signals, які можуть бути використані для планування заряду й розряду BESS. Для України така задача має практичну вагу через потребу в гнучкості, інтеграції відновлюваної генерації, локальному балансуванні та зменшенні вартості пікових годин. Ринкова специфіка описується не тільки загальноєвропейською логікою electricity market design, а й локальними правилами, price caps, тарифами та енергетичною політикою України (European Commission, 2026 [1], [2]; NEURC, 2026 [3]; JSC Market Operator, 2026 [4]; Ministry of Economy of Ukraine, 2024 [5], [6]). Водночас академічна модель має обережну межу: наявність historical price rows не перетворює систему на контур подання заявок і не означає, що timestamp publication evidence вже готовий для market-executable сценаріїв. Ця межа узгоджується з європейським контекстом синхронізації та майбутнього market-coupling, але не підміняє український DAM evidence layer (ENTSO-E, 2022 [7]; ACER, 2025 [8]). Європейські роботи про BESS utilization, revenue stacking і energy/reserve bidding корисні як ширший market-design контекст, однак у роботі вони не використовуються як доказ готовності українського live executi",partially-supported,topical/source match present; exact claim scope should be human spot-checked for grouped or broad citations
3,3,"NEURC. Resolution No. 621 of 23 April 2026 on price caps for the day-ahead, intraday, and balancing markets. https://www.nerc.gov.ua/acts/pro-hranychni-tsiny-na-rynku-na-dobu-napered-vnutrishnodobovomu-rynku-ta-balansuiuchomu-rynku",analysis_outputs\thesis_similarity\final_2026-06-08_deep\downloaded_web_sources\source_03_1_f73dff7176.txt,0.6828,analysis_outputs\thesis_similarity\final_2026-06-08_deep\downloaded_web_sources\source_03_1_f73dff7176.txt,1,державне регулювання у сферах енергетики та комунальних послуг від 16 січня 2026 року 70 про граничні ціни на ринку на добу наперед внутрішньодобовому ринку та балансуючому ринку 3 ця постанова набирає чинності з 30 квітня 2026 року голова нкрекп юрій власенко часто шукають постанова від 26 березня 2022 352 про затвердження порядку тимчасового приєднання електроустановок до системи розподілу у період дії в україні воєнного стану постанова від 05 грудня 2023 2291 про затвердження типового договор," наперед задає погодинні price signals, які можуть бути використані для планування заряду й розряду BESS. Для України така задача має практичну вагу через потребу в гнучкості, інтеграції відновлюваної генерації, локальному балансуванні та зменшенні вартості пікових годин. Ринкова специфіка описується не тільки загальноєвропейською логікою electricity market design, а й локальними правилами, price caps, тарифами та енергетичною політикою України (European Commission, 2026 [1], [2]; NEURC, 2026 [3]; JSC Market Operator, 2026 [4]; Ministry of Economy of Ukraine, 2024 [5], [6]). Водночас академічна модель має обережну межу: наявність historical price rows не перетворює систему на контур подання заявок і не означає, що timestamp publication evidence вже готовий для market-executable сценаріїв. Ця межа узгоджується з європейським контекстом синхронізації та майбутнього market-coupling, але не підміняє український DAM evidence layer (ENTSO-E, 2022 [7]; ACER, 2025 [8]). Європейські роботи про BESS utilization, revenue stacking і energy/reserve bidding корисні як ширший market-design контекст, однак у роботі вони не використовуються як доказ готовності українського live execution (Hu et al.",supported,strong multilingual semantic match in cited source candidate
4,4,JSC Market Operator. The Market Operator tariff for 2026 amounts to UAH 6.88 per MWh. https://www.oree.com.ua/index.php/newsctr/n/30795?lang=english,analysis_outputs\thesis_similarity\final_2026-06-08_deep\downloaded_web_sources\source_04_1_6a87e28324.txt,0.5412,analysis_outputs\thesis_similarity\final_2026-06-08_deep\downloaded_web_sources\source_04_1_6a87e28324.txt,1,electricity market and the regulatory legal acts of the national commission for state regulation of energy and public utilities taking into account the calculations submitted by jsc market operator tel 38 044 205-01-61 e-mail kanc oree com ua about us about us news leadership official documents information for shareholders and stakeholders anti corruption compliance gender policy social responsibility international quality standards gdpr compliance reporting public procurements principles of rem,"signals, які можуть бути використані для планування заряду й розряду BESS. Для України така задача має практичну вагу через потребу в гнучкості, інтеграції відновлюваної генерації, локальному балансуванні та зменшенні вартості пікових годин. Ринкова специфіка описується не тільки загальноєвропейською логікою electricity market design, а й локальними правилами, price caps, тарифами та енергетичною політикою України (European Commission, 2026 [1], [2]; NEURC, 2026 [3]; JSC Market Operator, 2026 [4]; Ministry of Economy of Ukraine, 2024 [5], [6]). Водночас академічна модель має обережну межу: наявність historical price rows не перетворює систему на контур подання заявок і не означає, що timestamp publication evidence вже готовий для market-executable сценаріїв. Ця межа узгоджується з європейським контекстом синхронізації та майбутнього market-coupling, але не підміняє український DAM evidence layer (ENTSO-E, 2022 [7]; ACER, 2025 [8]). Європейські роботи про BESS utilization, revenue stacking і energy/reserve bidding корисні як ширший market-design контекст, однак у роботі вони не використовуються як доказ готовності українського live execution (Hu et al., 2022 [9]; Li et al., 2024 [10",partially-supported,topical/source match present; exact claim scope should be human spot-checked for grouped or broad citations
5,5,Ministry of Economy of Ukraine. The Government approved the National Energy and Climate Plan until 2030. https://me.gov.ua/News/Detail?id=2642aff1-2328-4bad-b03f-6f0f7dc292c8&lang=uk-UA,analysis_outputs\thesis_similarity\final_2026-06-08_deep\downloaded_web_sources\source_05_1_43f6360713.txt,0.7383,analysis_outputs\thesis_similarity\final_2026-06-08_deep\downloaded_web_sources\source_05_1_43f6360713.txt,1,досягнення 27 частки відновлюваних джерел енергії у загальному кінцевому енергоспоживанні поглиблення диверсифікації джерел і шляхів постачання енергоресурсів не більше 30 від одного постачальника первинне споживання енергії не більше 72 224 млн т н е кінцеве споживання енергії 42 168 млн т н е т н е тонна нафтового еквівалента своєчасне ухвалення україною нпек є важливим кроком для забезпечення розуміння пріоритетів уряду в енергетичній та кліматичній політиці для громадян та стейкхолдерів в ук,"ланування заряду й розряду BESS. Для України така задача має практичну вагу через потребу в гнучкості, інтеграції відновлюваної генерації, локальному балансуванні та зменшенні вартості пікових годин. Ринкова специфіка описується не тільки загальноєвропейською логікою electricity market design, а й локальними правилами, price caps, тарифами та енергетичною політикою України (European Commission, 2026 [1], [2]; NEURC, 2026 [3]; JSC Market Operator, 2026 [4]; Ministry of Economy of Ukraine, 2024 [5], [6]). Водночас академічна модель має обережну межу: наявність historical price rows не перетворює систему на контур подання заявок і не означає, що timestamp publication evidence вже готовий для market-executable сценаріїв. Ця межа узгоджується з європейським контекстом синхронізації та майбутнього market-coupling, але не підміняє український DAM evidence layer (ENTSO-E, 2022 [7]; ACER, 2025 [8]). Європейські роботи про BESS utilization, revenue stacking і energy/reserve bidding корисні як ширший market-design контекст, однак у роботі вони не використовуються як доказ готовності українського live execution (Hu et al., 2022 [9]; Li et al., 2024 [10]).",supported,strong multilingual semantic match in cited source candidate
6,6,Ukraine National Energy and Climate Plan to 2030. https://me.gov.ua/download/2cad4803-661e-4ae9-9748-3006d6eb3e1c/file.pdf,analysis_outputs\thesis_similarity\final_2026-06-08_deep\downloaded_web_sources\source_06_1_eb95fe3e7c.pdf,0.7816,analysis_outputs\thesis_similarity\final_2026-06-08_deep\downloaded_web_sources\source_06_1_eb95fe3e7c.pdf,1,basis law of ukraine on energy efficiency order of the ministry of infrastructure ofdecember 21 2023 no 1163 on approval of the methodologyfor the development of local energyplans registeredintheministryofjusticeonfebruary16 2024underno 245 41590 timeframes 2022-2030responsiblebodies organizations ministryofinfrastructure saee 222 description the law of ukraine on energy efficiency laid the foundations for the mandatoryimplementation of a local energy plan in accordance withthis lawof ukraine lg,"ання заряду й розряду BESS. Для України така задача має практичну вагу через потребу в гнучкості, інтеграції відновлюваної генерації, локальному балансуванні та зменшенні вартості пікових годин. Ринкова специфіка описується не тільки загальноєвропейською логікою electricity market design, а й локальними правилами, price caps, тарифами та енергетичною політикою України (European Commission, 2026 [1], [2]; NEURC, 2026 [3]; JSC Market Operator, 2026 [4]; Ministry of Economy of Ukraine, 2024 [5], [6]). Водночас академічна модель має обережну межу: наявність historical price rows не перетворює систему на контур подання заявок і не означає, що timestamp publication evidence вже готовий для market-executable сценаріїв. Ця межа узгоджується з європейським контекстом синхронізації та майбутнього market-coupling, але не підміняє український DAM evidence layer (ENTSO-E, 2022 [7]; ACER, 2025 [8]). Європейські роботи про BESS utilization, revenue stacking і energy/reserve bidding корисні як ширший market-design контекст, однак у роботі вони не використовуються як доказ готовності українського live execution (Hu et al., 2022 [9]; Li et al., 2024 [10]).",supported,strong multilingual semantic match in cited source candidate
7,7,ENTSO-E. Continental Europe successful synchronization with Ukraine and Moldova power systems. https://www.entsoe.eu/news/2022/03/16/continental-europe-successful-synchronisation-with-ukraine-and-moldova-power-systems/,analysis_outputs\thesis_similarity\final_2026-06-08_deep\downloaded_web_sources\source_07_1_fa111d3fd6.txt,0.5046,analysis_outputs\thesis_similarity\final_2026-06-08_deep\downloaded_web_sources\source_07_1_fa111d3fd6.txt,1,16 march 2022 the trial synchronisation of the continental european power system with the power systems of ukraine and moldova this acceleration of the synchronisation project ongoing since 2017 has been possible thanks to the previous studies carried out and the adoption of risks mitigation measures continental europe tsos are now supporting the stability of the ukrainian-moldovan power system following a positive analysis which confirmed that an emergency synchronisation is technically feasibl,"n Commission, 2026 [1], [2]; NEURC, 2026 [3]; JSC Market Operator, 2026 [4]; Ministry of Economy of Ukraine, 2024 [5], [6]). Водночас академічна модель має обережну межу: наявність historical price rows не перетворює систему на контур подання заявок і не означає, що timestamp publication evidence вже готовий для market-executable сценаріїв. Ця межа узгоджується з європейським контекстом синхронізації та майбутнього market-coupling, але не підміняє український DAM evidence layer (ENTSO-E, 2022 [7]; ACER, 2025 [8]). Європейські роботи про BESS utilization, revenue stacking і energy/reserve bidding корисні як ширший market-design контекст, однак у роботі вони не використовуються як доказ готовності українського live execution (Hu et al., 2022 [9]; Li et al., 2024 [10]).",partially-supported,topical/source match present; exact claim scope should be human spot-checked for grouped or broad citations
8,8,ACER. ACER will decide on the electricity market coupling integration plan for the Energy Community. https://www.acer.europa.eu/news/acer-will-decide-electricity-market-coupling-integration-plan-energy-community,analysis_outputs\thesis_similarity\final_2026-06-08_deep\downloaded_web_sources\source_08_1_8a2a2b888b.txt,0.4833,analysis_outputs\thesis_similarity\final_2026-06-08_deep\downloaded_web_sources\source_08_1_8a2a2b888b.txt,1,periods of system stress in the region in summer 2024 southeast europe experienced a sustained period of electricity price spikes acer sets out recommendations to increase cross-zonal capacity and system flexibility across the region read more trg republike 3 1000 ljubljana slovenia tel 386 0 8 205 34 00 info at acer europa eu quick links remit portal procurement calls public consultations data exchange platform for stakeholders information about the agency work with us electricity gas remit dat,"26 [1], [2]; NEURC, 2026 [3]; JSC Market Operator, 2026 [4]; Ministry of Economy of Ukraine, 2024 [5], [6]). Водночас академічна модель має обережну межу: наявність historical price rows не перетворює систему на контур подання заявок і не означає, що timestamp publication evidence вже готовий для market-executable сценаріїв. Ця межа узгоджується з європейським контекстом синхронізації та майбутнього market-coupling, але не підміняє український DAM evidence layer (ENTSO-E, 2022 [7]; ACER, 2025 [8]). Європейські роботи про BESS utilization, revenue stacking і energy/reserve bidding корисні як ширший market-design контекст, однак у роботі вони не використовуються як доказ готовності українського live execution (Hu et al., 2022 [9]; Li et al., 2024 [10]).",partially-supported,topical/source match present; exact claim scope should be human spot-checked for grouped or broad citations
9,9,Hu et al. Potential utilization of battery energy storage systems (BESS) in the major European electricity markets. DOI: 10.1016/j.apenergy.2022.119512. https://doi.org/10.1016/j.apenergy.2022.119512,docs\thesis\sources\2112.09816v2.pdf,0.6378,docs\thesis\sources\2112.09816v2.pdf,1,work should be elaborated by exploring novel market and service designs that adequately and appropriately address the flexibility provided by different technologies including the batteries this paper focuses on evaluating a nd comparing the potential utilization of bess in the european electricity markets it should be noted that historical information has been applied to study and understand the characteristics of the selected markets indeed for quantitatively access ing the project value and fe,"не означає, що timestamp publication evidence вже готовий для market-executable сценаріїв. Ця межа узгоджується з європейським контекстом синхронізації та майбутнього market-coupling, але не підміняє український DAM evidence layer (ENTSO-E, 2022 [7]; ACER, 2025 [8]). Європейські роботи про BESS utilization, revenue stacking і energy/reserve bidding корисні як ширший market-design контекст, однак у роботі вони не використовуються як доказ готовності українського live execution (Hu et al., 2022 [9]; Li et al., 2024 [10]).",supported,strong multilingual semantic match in cited source candidate
10,10,Li et al. Temporal-Aware Deep Reinforcement Learning for Energy Storage Bidding in Energy and Contingency Reserve Markets. DOI: 10.1109/TEMPR.2024.3372656. https://doi.org/10.1109/TEMPR.2024.3372656,analysis_outputs\thesis_similarity\final_2026-06-08_deep\downloaded_web_sources\source_10_1_1c65c189fe.txt,0.3151,analysis_outputs\thesis_similarity\final_2026-06-08_deep\downloaded_web_sources\source_10_1_1c65c189fe.txt,1,temporal-aware deep reinforcement learning for energy storage bidding in energy and contingency reserve markets ieee journals magazine ieee xplore ieee account change username password update address purchase details payment options order history view purchased documents profile information communications preferences profession and education technical interests need help us canada 1 800 678 4333 worldwide 1 732 981 0060 contact support about ieee xplore contact us help accessibility terms of use,"amp publication evidence вже готовий для market-executable сценаріїв. Ця межа узгоджується з європейським контекстом синхронізації та майбутнього market-coupling, але не підміняє український DAM evidence layer (ENTSO-E, 2022 [7]; ACER, 2025 [8]). Європейські роботи про BESS utilization, revenue stacking і energy/reserve bidding корисні як ширший market-design контекст, однак у роботі вони не використовуються як доказ готовності українського live execution (Hu et al., 2022 [9]; Li et al., 2024 [10]).",needs-human,"low semantic match; broad/governance citation, landing page, or incomplete full text"
11,11,"Lago et al. Forecasting day-ahead electricity prices: A review of state-of-the-art algorithms, best practices and an open-access benchmark. DOI: 10.1016/j.apenergy.2021.116983. https://doi.org/10.1016/j.apenergy.2021.116983",docs\thesis\sources\2008.08004v2-electricity-price-forecasting-review-benchmark.pdf,0.7490,docs\thesis\sources\2008.08004v2-electricity-price-forecasting-review-benchmark.pdf,1,1 2016 105 113 doi 10 1007 s11708-016-0393-y 130 j nascimento t pinto z vale day-ahead electricity market price forecasting using arti cial neural network with spearman data correlation in proceedings of the 2019 ieee powertech conference 2019 pp 1 6 doi 10 1109 ptc 2019 8810618 131 d kotur m zarkovic neural network models for electric- ity prices and loads short and long-term prediction in pro- ceedings of the 2016 international symposium on environ- mental friendly energies and applications 20,"Класичні роботи з electricity price forecasting часто оцінюють моделі через MAE, RMSE, MAPE або quantile losses. Такі метрики корисні для порівняння прогнозів, але вони не відповідають безпосередньо на питання, чи кращим буде battery schedule. Lago et al. (2021) показують важливість строгих EPF-бенчмарків і сильних baseline, а Elmachtoub and Grigas (2022) демонструють, що статистична якість прогнозу не завжди збігається з якістю downstream optimization decision [11], [12]. У BESS arbitrage важливі не всі помилки однаково: помилка біля локального піку або провалу може коштувати значно більше, ніж така сама абсолютна похибка у стабільній середині доби. Крім того, schedule value залежить від SOC path, efficiency losses і обмеження потужності. Саме тому storage-specific DFL роботи від Sang et al. (2022/2023) та Mandi et al. (2024) пропонують оцінювати моделі через regret/value або decision loss, а не лише через forecast-only loss [13], [14]. Через це в роботі forecast layer розглядається як джерело candidate schedules, а не як остаточна відповідь. NBEATSx і TFT мають сенс лише тоді, коли їхні сигнали після LP scoring зменшують regret. Це також пояснює, чому raw neural forecast може бут",supported,strong multilingual semantic match in cited source candidate
12,12,"Elmachtoub and Grigas. Smart ""Predict, then Optimize"". DOI: 10.1287/mnsc.2020.3922. https://doi.org/10.1287/mnsc.2020.3922","analysis_outputs\thesis_similarity\final_2026-06-08_deep\downloaded_web_sources\source_12_1_a33ebc2400_http_403.txt | docs\thesis\sources\1710.08005v5-Smart “Predict, then Optimize” Adam N. Elmachtoub.pdf",0.5901,"docs\thesis\sources\1710.08005v5-Smart “Predict, then Optimize” Adam N. Elmachtoub.pdf",1,data such as weather seasonality and competitor sales the decisions of when to order inventory are captured by a linear or integer optimization model dependi ng on the complexity of the problem under a common formulation see levi et al 2006 cheung et al 2016 the demand appears linearly in the objective which is convenie nt for the spo framework the goal is to design a prediction model that maps feature data to demand predictions which in turn lead to good inventory plans portfolio optimization i,"Класичні роботи з electricity price forecasting часто оцінюють моделі через MAE, RMSE, MAPE або quantile losses. Такі метрики корисні для порівняння прогнозів, але вони не відповідають безпосередньо на питання, чи кращим буде battery schedule. Lago et al. (2021) показують важливість строгих EPF-бенчмарків і сильних baseline, а Elmachtoub and Grigas (2022) демонструють, що статистична якість прогнозу не завжди збігається з якістю downstream optimization decision [11], [12]. У BESS arbitrage важливі не всі помилки однаково: помилка біля локального піку або провалу може коштувати значно більше, ніж така сама абсолютна похибка у стабільній середині доби. Крім того, schedule value залежить від SOC path, efficiency losses і обмеження потужності. Саме тому storage-specific DFL роботи від Sang et al. (2022/2023) та Mandi et al. (2024) пропонують оцінювати моделі через regret/value або decision loss, а не лише через forecast-only loss [13], [14]. Через це в роботі forecast layer розглядається як джерело candidate schedules, а не як остаточна відповідь. NBEATSx і TFT мають сенс лише тоді, коли їхні сигнали після LP scoring зменшують regret. Це також пояснює, чому raw neural forecast може бут",partially-supported,topical/source match present; exact claim scope should be human spot-checked for grouped or broad citations
13,13,Sang et al. Electricity Price Prediction for Energy Storage System Arbitrage: A Decision-Focused Approach. DOI: 10.1109/TSG.2022.3166791 / arXiv:2305.00362. https://doi.org/10.1109/TSG.2022.3166791,analysis_outputs\thesis_similarity\final_2026-06-08_deep\downloaded_web_sources\source_13_1_3d7ac8d729.txt | docs\thesis\sources\2305.00362v1-electricity-price-prediction-ess-arbitrage-dfl.pdf,0.7236,docs\thesis\sources\2305.00362v1-electricity-price-prediction-ess-arbitrage-dfl.pdf,1,of decision under the predicted price is discontinuous and intractable so this paper relaxes the feasible region of the original problem and derives a tractable upper bound of regret to measure the decision error denoted by surrogate regret surrogate regret gradients to the predicted price are derived and delivered from the downstream optimization model to the upstream prediction model for reducing decision errors 3 based on the weighted sum of mse and surrogate regret this paper designs a hybri,"m optimization decision [11], [12]. У BESS arbitrage важливі не всі помилки однаково: помилка біля локального піку або провалу може коштувати значно більше, ніж така сама абсолютна похибка у стабільній середині доби. Крім того, schedule value залежить від SOC path, efficiency losses і обмеження потужності. Саме тому storage-specific DFL роботи від Sang et al. (2022/2023) та Mandi et al. (2024) пропонують оцінювати моделі через regret/value або decision loss, а не лише через forecast-only loss [13], [14]. Через це в роботі forecast layer розглядається як джерело candidate schedules, а не як остаточна відповідь. NBEATSx і TFT мають сенс лише тоді, коли їхні сигнали після LP scoring зменшують regret. Це також пояснює, чому raw neural forecast може бути слабшим за conservative baseline, але calibrated або schedule/value selected variants можуть стати корисними.",supported,strong multilingual semantic match in cited source candidate
14,14,"Mandi et al. Decision-Focused Learning: Foundations, State of the Art, Benchmark and Future Opportunities. DOI: 10.1613/jair.1.15320 / arXiv:2307.13565. https://arxiv.org/abs/2307.13565",analysis_outputs\thesis_similarity\final_2026-06-08_deep\downloaded_web_sources\source_14_1_ea750e7747.txt | docs\thesis\sources\2307.13565v4-decision-focused-learning-survey.pdf | docs\thesis\sources\2406.17085v2-perturbed-decision-focused-learning-energy-storage.pdf,0.6861,docs\thesis\sources\2406.17085v2-perturbed-decision-focused-learning-energy-storage.pdf,1,before making decisions at t however self-scheduling arbitrage in this paper requires making decisions at t before the real-time price at t is published consequently this self-scheduling setting encounters more uncertainties and leads to lower profits than the other two settings the accumulative arbitrage profits are plotted on a yearly basis fig 2 shows the arbitrage performance of the proposed method and the three benchmark methods with the two consid- ered cost terms the mean absolute error m,"mization decision [11], [12]. У BESS arbitrage важливі не всі помилки однаково: помилка біля локального піку або провалу може коштувати значно більше, ніж така сама абсолютна похибка у стабільній середині доби. Крім того, schedule value залежить від SOC path, efficiency losses і обмеження потужності. Саме тому storage-specific DFL роботи від Sang et al. (2022/2023) та Mandi et al. (2024) пропонують оцінювати моделі через regret/value або decision loss, а не лише через forecast-only loss [13], [14]. Через це в роботі forecast layer розглядається як джерело candidate schedules, а не як остаточна відповідь. NBEATSx і TFT мають сенс лише тоді, коли їхні сигнали після LP scoring зменшують regret. Це також пояснює, чому raw neural forecast може бути слабшим за conservative baseline, але calibrated або schedule/value selected variants можуть стати корисними.",supported,strong multilingual semantic match in cited source candidate
15,15,Olivares et al. Neural basis expansion analysis with exogenous variables: Forecasting electricity prices with NBEATSx. DOI: 10.1016/j.ijforecast.2022.03.001. https://arxiv.org/abs/2104.05522,analysis_outputs\thesis_similarity\final_2026-06-08_deep\downloaded_web_sources\source_15_1_6e29cb2c21.txt,0.6076,analysis_outputs\thesis_similarity\final_2026-06-08_deep\downloaded_web_sources\source_15_1_6e29cb2c21.txt,1,of its application to electricity price forecasting epf tasks across a broad range of years and markets we observe state-of-the-art performance significantly improving the forecast accuracy by nearly 20 over the original nbeats model and by up to 5 over other well established statistical and machine learning methods specialized for these tasks additionally the proposed neural network has an interpretable configuration that can structurally decompose time series visualizing the relative impact of,"Таблиця 2.1. Матриця літературних і технічних напрямів Напрям Поза scope В роботі EPF / time-series forecasting SOTA за MAE/RMSE без LP/regret NBEATSx/TFT; downstream regret [15], [16], [11] Storage optimization Settlement/live dispatch LP schedule із SOC/power/efficiency [17], [18], [19] DFL / predict-then-optimize Full differentiable controller Regret/value як decision-quality criterion [12], [13], [14] Offline RL / DT DT/LAVA promotion/live policy Research-shadow sequence policy; деталізовано в constrained neural decision layer Constrained neural decision layer Raw transformer controller або bid engine HF safe-switch scorer як candidate-ranking layer з fallback, tail-risk і deterministic gates; DT framing підтримано [20], [21], а фактичний safe-switch result є repo/thesis evidence цієї роботи, не зовнішній published result Ukrainian market governance Inferred receipts/submission claims DAM/IDM hourly preview і source-readiness blockers [3], [4], [8]",partially-supported,topical/source match present; exact claim scope should be human spot-checked for grouped or broad citations
16,16,Lim et al. Temporal Fusion Transformers for Interpretable Multi-horizon Time Series Forecasting. DOI: 10.48550/arXiv.1912.09363. https://arxiv.org/abs/1912.09363,analysis_outputs\thesis_similarity\final_2026-06-08_deep\downloaded_web_sources\source_16_1_bfadab858a.txt | docs\thesis\sources\1912.09363v3.pdf,0.5680,docs\thesis\sources\1912.09363v3.pdf,1,t k t+ xi t k xi t xi t+ 2 4 model architecture figure 2 tft architecture tft inputs static metadata time-varying past inputs and time- varying a priori known future inputs variable selection is used for judicious selection of the most salient features based on the input gated residual network blocks enable e cient information ow with skip connections and gating layers time-dependent processing is based on lstms for local processing and multi-head attention for integrating information from any t,"Таблиця 2.1. Матриця літературних і технічних напрямів Напрям Поза scope В роботі EPF / time-series forecasting SOTA за MAE/RMSE без LP/regret NBEATSx/TFT; downstream regret [15], [16], [11] Storage optimization Settlement/live dispatch LP schedule із SOC/power/efficiency [17], [18], [19] DFL / predict-then-optimize Full differentiable controller Regret/value як decision-quality criterion [12], [13], [14] Offline RL / DT DT/LAVA promotion/live policy Research-shadow sequence policy; деталізовано в constrained neural decision layer Constrained neural decision layer Raw transformer controller або bid engine HF safe-switch scorer як candidate-ranking layer з fallback, tail-risk і deterministic gates; DT framing підтримано [20], [21], а фактичний safe-switch result є repo/thesis evidence цієї роботи, не зовнішній published result Ukrainian market governance Inferred receipts/submission claims DAM/IDM hourly preview і source-readiness blockers [3], [4], [8]",partially-supported,topical/source match present; exact claim scope should be human spot-checked for grouped or broad citations
17,11,"Lago et al. Forecasting day-ahead electricity prices: A review of state-of-the-art algorithms, best practices and an open-access benchmark. DOI: 10.1016/j.apenergy.2021.116983. https://doi.org/10.1016/j.apenergy.2021.116983",docs\thesis\sources\2008.08004v2-electricity-price-forecasting-review-benchmark.pdf,0.6236,docs\thesis\sources\2008.08004v2-electricity-price-forecasting-review-benchmark.pdf,1,forecasting errors while we provided the rmse results they are quali- tatively the same as for mae rmae hence as abso- lute errors better represent the underlying problem of epf and the results are similar the rmse results are not analyzed here in detail due to space limitations while the lear model is indeed estimated using squared errors this is partly done because the tech- niques to e ciently estimate the lasso e g coordi- nate descent are based on square errors this gives the lear model a c,"Таблиця 2.1. Матриця літературних і технічних напрямів Напрям Поза scope В роботі EPF / time-series forecasting SOTA за MAE/RMSE без LP/regret NBEATSx/TFT; downstream regret [15], [16], [11] Storage optimization Settlement/live dispatch LP schedule із SOC/power/efficiency [17], [18], [19] DFL / predict-then-optimize Full differentiable controller Regret/value як decision-quality criterion [12], [13], [14] Offline RL / DT DT/LAVA promotion/live policy Research-shadow sequence policy; деталізовано в constrained neural decision layer Constrained neural decision layer Raw transformer controller або bid engine HF safe-switch scorer як candidate-ranking layer з fallback, tail-risk і deterministic gates; DT framing підтримано [20], [21], а фактичний safe-switch result є repo/thesis evidence цієї роботи, не зовнішній published result Ukrainian market governance Inferred receipts/submission claims DAM/IDM hourly preview і source-readiness blockers [3], [4], [8]",supported,strong multilingual semantic match in cited source candidate
18,17,Park et al. Linear Formulation for Short-Term Operational Scheduling of Energy Storage Systems in Power Grids. DOI: 10.3390/en10020207. https://doi.org/10.3390/en10020207,analysis_outputs\thesis_similarity\final_2026-06-08_deep\downloaded_web_sources\source_17_1_f578d69f37_http_403.txt | docs\thesis\sources\energies-10-00207-linear-formulation-short-term-ess-scheduling.pdf,0.6119,docs\thesis\sources\energies-10-00207-linear-formulation-short-term-ess-scheduling.pdf,1,an alternative strategy of scheduling period to take consideration of the forecasting error to reduce forecasting error operating period should be shorter and scheduling cycle should be more frequent if the optimization is solved by daily operation mode we can get the results as shown in figure 4b in this case for a week total charged energies as the results of peak-shaving and load-leveling respectively are 24 172 mwh and 24 421 mwh including the losses and total discharged energies to the grid,"Таблиця 2.1. Матриця літературних і технічних напрямів Напрям Поза scope В роботі EPF / time-series forecasting SOTA за MAE/RMSE без LP/regret NBEATSx/TFT; downstream regret [15], [16], [11] Storage optimization Settlement/live dispatch LP schedule із SOC/power/efficiency [17], [18], [19] DFL / predict-then-optimize Full differentiable controller Regret/value як decision-quality criterion [12], [13], [14] Offline RL / DT DT/LAVA promotion/live policy Research-shadow sequence policy; деталізовано в constrained neural decision layer Constrained neural decision layer Raw transformer controller або bid engine HF safe-switch scorer як candidate-ranking layer з fallback, tail-risk і deterministic gates; DT framing підтримано [20], [21], а фактичний safe-switch result є repo/thesis evidence цієї роботи, не зовнішній published result Ukrainian market governance Inferred receipts/submission claims DAM/IDM hourly preview і source-readiness blockers [3], [4], [8]",partially-supported,topical/source match present; exact claim scope should be human spot-checked for grouped or broad citations
19,18,Hesse et al. Ageing and efficiency aware battery dispatch for arbitrage markets using mixed integer linear programming. DOI: 10.3390/en12060999. https://doi.org/10.3390/en12060999,docs\thesis\sources\energies-12-00999-v2.pdf | analysis_outputs\thesis_similarity\final_2026-06-08_deep\downloaded_web_sources\source_18_1_fc9ad48985_http_403.txt,0.6008,docs\thesis\sources\energies-12-00999-v2.pdf,1,direct comparison of a bess in competing applications there are some limitations to this study the market data is assumed to be known a priori for the entire optimisation horizon however in reality forecasts will not match market results energies 2019 12 999 15 of 28 perfectly therefore our results re ect only the maximum attainable pro t the accuracy of the pro t estimation can be further analysed regarding forecasting and adaptive algorithms only marginal costs are considered in this work whil,"Таблиця 2.1. Матриця літературних і технічних напрямів Напрям Поза scope В роботі EPF / time-series forecasting SOTA за MAE/RMSE без LP/regret NBEATSx/TFT; downstream regret [15], [16], [11] Storage optimization Settlement/live dispatch LP schedule із SOC/power/efficiency [17], [18], [19] DFL / predict-then-optimize Full differentiable controller Regret/value як decision-quality criterion [12], [13], [14] Offline RL / DT DT/LAVA promotion/live policy Research-shadow sequence policy; деталізовано в constrained neural decision layer Constrained neural decision layer Raw transformer controller або bid engine HF safe-switch scorer як candidate-ranking layer з fallback, tail-risk і deterministic gates; DT framing підтримано [20], [21], а фактичний safe-switch result є repo/thesis evidence цієї роботи, не зовнішній published result Ukrainian market governance Inferred receipts/submission claims DAM/IDM hourly preview і source-readiness blockers [3], [4], [8]",partially-supported,topical/source match present; exact claim scope should be human spot-checked for grouped or broad citations
20,19,"Grimaldi et al. Profitability of energy arbitrage net profit for grid-scale battery energy storage considering dynamic efficiency and degradation using a linear, mixed-integer linear, and mixed-integer non-linear optimization approach. DOI: 10.1016/j.est.2024.112380. https://doi.org/10.1016/j.est.2024.112380",docs\thesis\sources\1-s2.0-S2352152X24019662-Profitability of energy arbitrage net profit for grid-scale battery energy storage.pdf,0.6001,docs\thesis\sources\1-s2.0-S2352152X24019662-Profitability of energy arbitrage net profit for grid-scale battery energy storage.pdf,1,in addition concerning the minlp configuration the optimization function returns the following outputs always with a t 1 h sampling rate the normalized power rate p rate t variable expressed in per unit terms p u the timeseries bess dynamic efficiency variable bess t 3 3 lp and milp minlp models post-processing profitability analysis the above-mentioned lp and milp minlp models are implemented to simulate the optimal bess energy arbitrage dispatch operations chronologically over the bess calenda,"Таблиця 2.1. Матриця літературних і технічних напрямів Напрям Поза scope В роботі EPF / time-series forecasting SOTA за MAE/RMSE без LP/regret NBEATSx/TFT; downstream regret [15], [16], [11] Storage optimization Settlement/live dispatch LP schedule із SOC/power/efficiency [17], [18], [19] DFL / predict-then-optimize Full differentiable controller Regret/value як decision-quality criterion [12], [13], [14] Offline RL / DT DT/LAVA promotion/live policy Research-shadow sequence policy; деталізовано в constrained neural decision layer Constrained neural decision layer Raw transformer controller або bid engine HF safe-switch scorer як candidate-ranking layer з fallback, tail-risk і deterministic gates; DT framing підтримано [20], [21], а фактичний safe-switch result є repo/thesis evidence цієї роботи, не зовнішній published result Ukrainian market governance Inferred receipts/submission claims DAM/IDM hourly preview і source-readiness blockers [3], [4], [8]",partially-supported,topical/source match present; exact claim scope should be human spot-checked for grouped or broad citations
21,12,"Elmachtoub and Grigas. Smart ""Predict, then Optimize"". DOI: 10.1287/mnsc.2020.3922. https://doi.org/10.1287/mnsc.2020.3922","analysis_outputs\thesis_similarity\final_2026-06-08_deep\downloaded_web_sources\source_12_1_a33ebc2400_http_403.txt | docs\thesis\sources\1710.08005v5-Smart “Predict, then Optimize” Adam N. Elmachtoub.pdf",0.6097,"docs\thesis\sources\1710.08005v5-Smart “Predict, then Optimize” Adam N. Elmachtoub.pdf",1,matical programming 171 1-2 217 282 bertsimas dimitris vishal gupta ioannis ch paschalidis 2015 data-driven estimation in equilibrium using inverse optimization mathematical programming 153 2 595 633 bertsimas dimitris nathan kallus 2020 from predictive to prescriptive analytics management science 66 3 1025 1044 bertsimas dimitris aur lie thiele 2006 robust and data driven optimization modern decision making under uncertainty models methods and applications for innovative decision m aking inform,"Таблиця 2.1. Матриця літературних і технічних напрямів Напрям Поза scope В роботі EPF / time-series forecasting SOTA за MAE/RMSE без LP/regret NBEATSx/TFT; downstream regret [15], [16], [11] Storage optimization Settlement/live dispatch LP schedule із SOC/power/efficiency [17], [18], [19] DFL / predict-then-optimize Full differentiable controller Regret/value як decision-quality criterion [12], [13], [14] Offline RL / DT DT/LAVA promotion/live policy Research-shadow sequence policy; деталізовано в constrained neural decision layer Constrained neural decision layer Raw transformer controller або bid engine HF safe-switch scorer як candidate-ranking layer з fallback, tail-risk і deterministic gates; DT framing підтримано [20], [21], а фактичний safe-switch result є repo/thesis evidence цієї роботи, не зовнішній published result Ukrainian market governance Inferred receipts/submission claims DAM/IDM hourly preview і source-readiness blockers [3], [4], [8]",partially-supported,topical/source match present; exact claim scope should be human spot-checked for grouped or broad citations
22,13,Sang et al. Electricity Price Prediction for Energy Storage System Arbitrage: A Decision-Focused Approach. DOI: 10.1109/TSG.2022.3166791 / arXiv:2305.00362. https://doi.org/10.1109/TSG.2022.3166791,analysis_outputs\thesis_similarity\final_2026-06-08_deep\downloaded_web_sources\source_13_1_3d7ac8d729.txt | docs\thesis\sources\2305.00362v1-electricity-price-prediction-ess-arbitrage-dfl.pdf,0.6724,docs\thesis\sources\2305.00362v1-electricity-price-prediction-ess-arbitrage-dfl.pdf,1,price changing trend accurately and improve the decision accuracy ef ciently by attening the daily time distribution of prediction errors compared to mse-based models the decision-focused approach for electricity prediction can bring more economic bene ts and reduce prediction errors references 1 h chitsaz p zamani-dehkordi h zareipour and p p parikh electricity price forecasting for operational scheduling of behind-the- meter storage systems ieee trans smart grid vol 9 no 6 pp 6612 6622 nov 201,"Таблиця 2.1. Матриця літературних і технічних напрямів Напрям Поза scope В роботі EPF / time-series forecasting SOTA за MAE/RMSE без LP/regret NBEATSx/TFT; downstream regret [15], [16], [11] Storage optimization Settlement/live dispatch LP schedule із SOC/power/efficiency [17], [18], [19] DFL / predict-then-optimize Full differentiable controller Regret/value як decision-quality criterion [12], [13], [14] Offline RL / DT DT/LAVA promotion/live policy Research-shadow sequence policy; деталізовано в constrained neural decision layer Constrained neural decision layer Raw transformer controller або bid engine HF safe-switch scorer як candidate-ranking layer з fallback, tail-risk і deterministic gates; DT framing підтримано [20], [21], а фактичний safe-switch result є repo/thesis evidence цієї роботи, не зовнішній published result Ukrainian market governance Inferred receipts/submission claims DAM/IDM hourly preview і source-readiness blockers [3], [4], [8]",supported,strong multilingual semantic match in cited source candidate
23,14,"Mandi et al. Decision-Focused Learning: Foundations, State of the Art, Benchmark and Future Opportunities. DOI: 10.1613/jair.1.15320 / arXiv:2307.13565. https://arxiv.org/abs/2307.13565",analysis_outputs\thesis_similarity\final_2026-06-08_deep\downloaded_web_sources\source_14_1_ea750e7747.txt | docs\thesis\sources\2307.13565v4-decision-focused-learning-survey.pdf | docs\thesis\sources\2406.17085v2-perturbed-decision-focused-learning-energy-storage.pdf,0.6868,docs\thesis\sources\2406.17085v2-perturbed-decision-focused-learning-energy-storage.pdf,1,correctly predicts the timing of charge and discharge with only minor errors in discharge predictions this demonstrates that our algorithm is not sensitive to prior knowledge of the cost function 2 storage behavior prediction with real-world data we conduct experiments on public energy storage data in 2020 from queensland university the tesla powerpack battery system has a 1 1 mw power rating and a 2 2 mwh capacity the battery system is controlled by a demand response engine and engages in two m,"Таблиця 2.1. Матриця літературних і технічних напрямів Напрям Поза scope В роботі EPF / time-series forecasting SOTA за MAE/RMSE без LP/regret NBEATSx/TFT; downstream regret [15], [16], [11] Storage optimization Settlement/live dispatch LP schedule із SOC/power/efficiency [17], [18], [19] DFL / predict-then-optimize Full differentiable controller Regret/value як decision-quality criterion [12], [13], [14] Offline RL / DT DT/LAVA promotion/live policy Research-shadow sequence policy; деталізовано в constrained neural decision layer Constrained neural decision layer Raw transformer controller або bid engine HF safe-switch scorer як candidate-ranking layer з fallback, tail-risk і deterministic gates; DT framing підтримано [20], [21], а фактичний safe-switch result є repo/thesis evidence цієї роботи, не зовнішній published result Ukrainian market governance Inferred receipts/submission claims DAM/IDM hourly preview і source-readiness blockers [3], [4], [8]",supported,strong multilingual semantic match in cited source candidate
24,20,Chen et al. Decision Transformer: Reinforcement Learning via Sequence Modeling. DOI: 10.48550/arXiv.2106.01345. https://arxiv.org/abs/2106.01345,analysis_outputs\thesis_similarity\final_2026-06-08_deep\downloaded_web_sources\source_20_1_37573c9be9.txt | docs\thesis\sources\2106.01345v2.pdf,0.5638,docs\thesis\sources\2106.01345v2.pdf,1,td learning collapses decision transformer and bc still perform well indicating that decision transformer can be more robust to delayed rewards delayed sparse agnostic original dense dataset environment dt ours cql bc bc dt ours cql medium-expert hopper 107 3 3 5 9 0 59 9 102 6 107 6 111 0 medium hopper 60 7 4 5 5 2 63 9 65 9 67 6 58 0 medium-replay hopper 78 5 3 7 2 0 27 6 70 6 82 7 48 6 table 7 results for d4rl datasets with delayed sparse reward decision transformer dt and imitation learning ,"Таблиця 2.1. Матриця літературних і технічних напрямів Напрям Поза scope В роботі EPF / time-series forecasting SOTA за MAE/RMSE без LP/regret NBEATSx/TFT; downstream regret [15], [16], [11] Storage optimization Settlement/live dispatch LP schedule із SOC/power/efficiency [17], [18], [19] DFL / predict-then-optimize Full differentiable controller Regret/value як decision-quality criterion [12], [13], [14] Offline RL / DT DT/LAVA promotion/live policy Research-shadow sequence policy; деталізовано в constrained neural decision layer Constrained neural decision layer Raw transformer controller або bid engine HF safe-switch scorer як candidate-ranking layer з fallback, tail-risk і deterministic gates; DT framing підтримано [20], [21], а фактичний safe-switch result є repo/thesis evidence цієї роботи, не зовнішній published result Ukrainian market governance Inferred receipts/submission claims DAM/IDM hourly preview і source-readiness blockers [3], [4], [8]",partially-supported,topical/source match present; exact claim scope should be human spot-checked for grouped or broad citations
25,21,Bhargava et al. When should we prefer Decision Transformers for Offline Reinforcement Learning? arXiv:2305.14550. https://arxiv.org/abs/2305.14550,analysis_outputs\thesis_similarity\final_2026-06-08_deep\downloaded_web_sources\source_21_1_f9ffc91868.txt | docs\thesis\sources\2305.14550v1-sequence-modeling-offline-rl.pdf,0.5699,docs\thesis\sources\2305.14550v1-sequence-modeling-offline-rl.pdf,1,of high-quality data was available but it could degrade with lower-quality data meanwhile the performance of dt never worsened with more data also bc performed best with 20-40 of high-quality data highlighting the importance of expert data for bc for full results refer to figure 9 in appendix g we used the robomimic benchmark which contains ph proficient human and mh multi-human sparse-reward datasets section 3 2 because the rewards are fixed and given at the end of trajectories the lengths of t,"Таблиця 2.1. Матриця літературних і технічних напрямів Напрям Поза scope В роботі EPF / time-series forecasting SOTA за MAE/RMSE без LP/regret NBEATSx/TFT; downstream regret [15], [16], [11] Storage optimization Settlement/live dispatch LP schedule із SOC/power/efficiency [17], [18], [19] DFL / predict-then-optimize Full differentiable controller Regret/value як decision-quality criterion [12], [13], [14] Offline RL / DT DT/LAVA promotion/live policy Research-shadow sequence policy; деталізовано в constrained neural decision layer Constrained neural decision layer Raw transformer controller або bid engine HF safe-switch scorer як candidate-ranking layer з fallback, tail-risk і deterministic gates; DT framing підтримано [20], [21], а фактичний safe-switch result є repo/thesis evidence цієї роботи, не зовнішній published result Ukrainian market governance Inferred receipts/submission claims DAM/IDM hourly preview і source-readiness blockers [3], [4], [8]",partially-supported,topical/source match present; exact claim scope should be human spot-checked for grouped or broad citations
26,3,"NEURC. Resolution No. 621 of 23 April 2026 on price caps for the day-ahead, intraday, and balancing markets. https://www.nerc.gov.ua/acts/pro-hranychni-tsiny-na-rynku-na-dobu-napered-vnutrishnodobovomu-rynku-ta-balansuiuchomu-rynku",analysis_outputs\thesis_similarity\final_2026-06-08_deep\downloaded_web_sources\source_03_1_f73dff7176.txt,0.4525,analysis_outputs\thesis_similarity\final_2026-06-08_deep\downloaded_web_sources\source_03_1_f73dff7176.txt,1,на тец тес кгу аес стимулююче регулювання у сфері теплопостачання загальна інформація для споживачів і тке розрахунки обсягу заборгованості з різниці в тарифах ліцензування питання відповіді енергоефективність холодна вода споживачі розрахунки обсягу заборгованості з різниці в тарифах ліцензування питання відповіді моніторинг ринку електричної енергії оперативний моніторинг ринку електричної енергії розрахунок ціни рдн інформація щодо здійснення купівлі-продажу електричної енергії за двосторонні,"Таблиця 2.1. Матриця літературних і технічних напрямів Напрям Поза scope В роботі EPF / time-series forecasting SOTA за MAE/RMSE без LP/regret NBEATSx/TFT; downstream regret [15], [16], [11] Storage optimization Settlement/live dispatch LP schedule із SOC/power/efficiency [17], [18], [19] DFL / predict-then-optimize Full differentiable controller Regret/value як decision-quality criterion [12], [13], [14] Offline RL / DT DT/LAVA promotion/live policy Research-shadow sequence policy; деталізовано в constrained neural decision layer Constrained neural decision layer Raw transformer controller або bid engine HF safe-switch scorer як candidate-ranking layer з fallback, tail-risk і deterministic gates; DT framing підтримано [20], [21], а фактичний safe-switch result є repo/thesis evidence цієї роботи, не зовнішній published result Ukrainian market governance Inferred receipts/submission claims DAM/IDM hourly preview і source-readiness blockers [3], [4], [8]",partially-supported,topical/source match present; exact claim scope should be human spot-checked for grouped or broad citations
27,4,JSC Market Operator. The Market Operator tariff for 2026 amounts to UAH 6.88 per MWh. https://www.oree.com.ua/index.php/newsctr/n/30795?lang=english,analysis_outputs\thesis_similarity\final_2026-06-08_deep\downloaded_web_sources\source_04_1_6a87e28324.txt,0.4344,analysis_outputs\thesis_similarity\final_2026-06-08_deep\downloaded_web_sources\source_04_1_6a87e28324.txt,1,market operator market data dam results idm results hourly buying and selling prices of electricity dam indexes and average weighted prices reviews dam idm analysis statistical data for market participants regulations bidding on dam idm remit trades on ba guarantees of origin analytical services bess acsk ree about us about us news leadership official documents information for shareholders and stakeholders anti corruption compliance gender policy social responsibility international quality stand,"Таблиця 2.1. Матриця літературних і технічних напрямів Напрям Поза scope В роботі EPF / time-series forecasting SOTA за MAE/RMSE без LP/regret NBEATSx/TFT; downstream regret [15], [16], [11] Storage optimization Settlement/live dispatch LP schedule із SOC/power/efficiency [17], [18], [19] DFL / predict-then-optimize Full differentiable controller Regret/value як decision-quality criterion [12], [13], [14] Offline RL / DT DT/LAVA promotion/live policy Research-shadow sequence policy; деталізовано в constrained neural decision layer Constrained neural decision layer Raw transformer controller або bid engine HF safe-switch scorer як candidate-ranking layer з fallback, tail-risk і deterministic gates; DT framing підтримано [20], [21], а фактичний safe-switch result є repo/thesis evidence цієї роботи, не зовнішній published result Ukrainian market governance Inferred receipts/submission claims DAM/IDM hourly preview і source-readiness blockers [3], [4], [8]",needs-human,"low semantic match; broad/governance citation, landing page, or incomplete full text"
28,8,ACER. ACER will decide on the electricity market coupling integration plan for the Energy Community. https://www.acer.europa.eu/news/acer-will-decide-electricity-market-coupling-integration-plan-energy-community,analysis_outputs\thesis_similarity\final_2026-06-08_deep\downloaded_web_sources\source_08_1_8a2a2b888b.txt,0.4691,analysis_outputs\thesis_similarity\final_2026-06-08_deep\downloaded_web_sources\source_08_1_8a2a2b888b.txt,1,resource adequacy assessment national resource adequacy assessments risk preparedness monitoring security of energy supply flexibility operation codes operation codes emergency and restoration system operation monitoring stakeholders' involvement history cybersecurity tcms implementation monitoring tcms implementation monitoring capacity allocation and congestion management electricity balancing forward capacity allocation system operation gas about gas decarbonisation of gas decarbonisation of ,"Таблиця 2.1. Матриця літературних і технічних напрямів Напрям Поза scope В роботі EPF / time-series forecasting SOTA за MAE/RMSE без LP/regret NBEATSx/TFT; downstream regret [15], [16], [11] Storage optimization Settlement/live dispatch LP schedule із SOC/power/efficiency [17], [18], [19] DFL / predict-then-optimize Full differentiable controller Regret/value як decision-quality criterion [12], [13], [14] Offline RL / DT DT/LAVA promotion/live policy Research-shadow sequence policy; деталізовано в constrained neural decision layer Constrained neural decision layer Raw transformer controller або bid engine HF safe-switch scorer як candidate-ranking layer з fallback, tail-risk і deterministic gates; DT framing підтримано [20], [21], а фактичний safe-switch result є repo/thesis evidence цієї роботи, не зовнішній published result Ukrainian market governance Inferred receipts/submission claims DAM/IDM hourly preview і source-readiness blockers [3], [4], [8]",partially-supported,topical/source match present; exact claim scope should be human spot-checked for grouped or broad citations
29,17,Park et al. Linear Formulation for Short-Term Operational Scheduling of Energy Storage Systems in Power Grids. DOI: 10.3390/en10020207. https://doi.org/10.3390/en10020207,analysis_outputs\thesis_similarity\final_2026-06-08_deep\downloaded_web_sources\source_17_1_f578d69f37_http_403.txt | docs\thesis\sources\energies-10-00207-linear-formulation-short-term-ess-scheduling.pdf,0.7238,docs\thesis\sources\energies-10-00207-linear-formulation-short-term-ess-scheduling.pdf,1,11 july 2016 accepted 7 february 2017 published 12 february 2017 abstract this paper presents linear programming lp formulations for short-term energy time-shift operational scheduling with energy storage systems esss in power grids in particular it is shown that the conventional nonlinear formulations for electric bill minimization peak shaving and load leveling can be formulated in the lp framework new variables for the peak and off-peak values are introduced in peak shaving and load leveling ,"Для BESS schedule LP є природним базовим інструментом: він може задати баланс енергії, обмеження SOC, потужність заряду/розряду, efficiency і простий економічний objective. Park et al. (2017) прямо формулюють short-term ESS scheduling через лінійні обмеження SOC, power range, energy limits та efficiency [17]. Hesse et al. (2019), Maheshwari et al. (2020), Kumtepeli et al. (2020) і Cao et al. (2020) показують, що storage dispatch може бути розширений degradation-aware або learning-based компонентами, але це підвищує вимоги до параметризації батареї та якості даних [18], [22], [23], [24]. У роботі LP використовується не як тема окремого математичного дослідження, а як deterministic evaluator, який дає однаковий scoring contour для всіх forecast і selector candidates. Це важливо, бо порівняння моделей без спільного optimization contour може бути несправедливим. Vykhodtsev et al. (2022) додатково пояснюють, що спрощене power-energy представлення батареї є придатним для techno-economic studies, але не замінює повний electrochemical digital twin [25]. Strict LP/oracle evaluator виконує дві ролі. По-перше, він оцінює value вибраного schedule. По-друге, він обчислює oracle reference, тобто",supported,strong multilingual semantic match in cited source candidate
30,18,Hesse et al. Ageing and efficiency aware battery dispatch for arbitrage markets using mixed integer linear programming. DOI: 10.3390/en12060999. https://doi.org/10.3390/en12060999,docs\thesis\sources\energies-12-00999-v2.pdf | analysis_outputs\thesis_similarity\final_2026-06-08_deep\downloaded_web_sources\source_18_1_fc9ad48985_http_403.txt,0.6162,docs\thesis\sources\energies-12-00999-v2.pdf,1,market data values the concluding section section 5 summarises the main ndings of this work and outlines directions for future research 2 techno-economic framework for battery storage dispatch this section provides a framework for the pro t calculations conducted in the subsequent sections both the application-speci c revenue as well as battery investment costs are considered a formulation for the marginal cost of battery operation resulting from dissipation losses and battery ageing is introduc,"аланс енергії, обмеження SOC, потужність заряду/розряду, efficiency і простий економічний objective. Park et al. (2017) прямо формулюють short-term ESS scheduling через лінійні обмеження SOC, power range, energy limits та efficiency [17]. Hesse et al. (2019), Maheshwari et al. (2020), Kumtepeli et al. (2020) і Cao et al. (2020) показують, що storage dispatch може бути розширений degradation-aware або learning-based компонентами, але це підвищує вимоги до параметризації батареї та якості даних [18], [22], [23], [24]. У роботі LP використовується не як тема окремого математичного дослідження, а як deterministic evaluator, який дає однаковий scoring contour для всіх forecast і selector candidates. Це важливо, бо порівняння моделей без спільного optimization contour може бути несправедливим. Vykhodtsev et al. (2022) додатково пояснюють, що спрощене power-energy представлення батареї є придатним для techno-economic studies, але не замінює повний electrochemical digital twin [25]. Strict LP/oracle evaluator виконує дві ролі. По-перше, він оцінює value вибраного schedule. По-друге, він обчислює oracle reference, тобто найкращу offline value при realized prices. Різниця між oracle value і ",partially-supported,topical/source match present; exact claim scope should be human spot-checked for grouped or broad citations
31,22,Maheshwari et al. Optimizing the operation of energy storage using a non-linear lithium-ion battery degradation model. DOI: 10.1016/j.apenergy.2019.114360. https://doi.org/10.1016/j.apenergy.2019.114360,docs\thesis\sources\1-s2.0-S0306261919320471-main.pdf,0.6742,docs\thesis\sources\1-s2.0-S0306261919320471-main.pdf,1,open access article under the cc by-nc-nd license t degradation-aware battery scheduling studies use either a con- straint-based approach 11 21 12 or an objective-based approach 9 22 23 in 10 the constraint-based approach has even been com- bined with the objective-based approach in the constraint-based ap- proach to extend the life of the battery one or more of the following variables are constrained power number of cycles per day depth of discharge dod maximumandminimumstateofcharge soc such a,"енергії, обмеження SOC, потужність заряду/розряду, efficiency і простий економічний objective. Park et al. (2017) прямо формулюють short-term ESS scheduling через лінійні обмеження SOC, power range, energy limits та efficiency [17]. Hesse et al. (2019), Maheshwari et al. (2020), Kumtepeli et al. (2020) і Cao et al. (2020) показують, що storage dispatch може бути розширений degradation-aware або learning-based компонентами, але це підвищує вимоги до параметризації батареї та якості даних [18], [22], [23], [24]. У роботі LP використовується не як тема окремого математичного дослідження, а як deterministic evaluator, який дає однаковий scoring contour для всіх forecast і selector candidates. Це важливо, бо порівняння моделей без спільного optimization contour може бути несправедливим. Vykhodtsev et al. (2022) додатково пояснюють, що спрощене power-energy представлення батареї є придатним для techno-economic studies, але не замінює повний electrochemical digital twin [25]. Strict LP/oracle evaluator виконує дві ролі. По-перше, він оцінює value вибраного schedule. По-друге, він обчислює oracle reference, тобто найкращу offline value при realized prices. Різниця між oracle value і select",supported,strong multilingual semantic match in cited source candidate
32,23,Kumtepeli et al. Energy Arbitrage Optimization With Battery Storage: 3D-MILP for Electro-Thermal Performance and Semi-Empirical Aging Models. DOI: 10.1109/ACCESS.2020.3035504. https://doi.org/10.1109/ACCESS.2020.3035504,analysis_outputs\thesis_similarity\final_2026-06-08_deep\downloaded_web_sources\source_23_1_0b7cddcdc1.txt,0.5032,analysis_outputs\thesis_similarity\final_2026-06-08_deep\downloaded_web_sources\source_23_1_0b7cddcdc1.txt,1,energy arbitrage optimization with battery storage 3d-milp for electro-thermal performance and semi-empirical aging models ieee journals magazine ieee xplore ieee account change username password update address purchase details payment options order history view purchased documents profile information communications preferences profession and education technical interests need help us canada 1 800 678 4333 worldwide 1 732 981 0060 contact support about ieee xplore contact us help accessibility t,"ї, обмеження SOC, потужність заряду/розряду, efficiency і простий економічний objective. Park et al. (2017) прямо формулюють short-term ESS scheduling через лінійні обмеження SOC, power range, energy limits та efficiency [17]. Hesse et al. (2019), Maheshwari et al. (2020), Kumtepeli et al. (2020) і Cao et al. (2020) показують, що storage dispatch може бути розширений degradation-aware або learning-based компонентами, але це підвищує вимоги до параметризації батареї та якості даних [18], [22], [23], [24]. У роботі LP використовується не як тема окремого математичного дослідження, а як deterministic evaluator, який дає однаковий scoring contour для всіх forecast і selector candidates. Це важливо, бо порівняння моделей без спільного optimization contour може бути несправедливим. Vykhodtsev et al. (2022) додатково пояснюють, що спрощене power-energy представлення батареї є придатним для techno-economic studies, але не замінює повний electrochemical digital twin [25]. Strict LP/oracle evaluator виконує дві ролі. По-перше, він оцінює value вибраного schedule. По-друге, він обчислює oracle reference, тобто найкращу offline value при realized prices. Різниця між oracle value і selected val",partially-supported,topical/source match present; exact claim scope should be human spot-checked for grouped or broad citations
33,24,Cao et al. Deep Reinforcement Learning-Based Energy Storage Arbitrage With Accurate Lithium-Ion Battery Degradation Model. DOI: 10.1109/TSG.2020.2986333. https://doi.org/10.1109/TSG.2020.2986333,analysis_outputs\thesis_similarity\final_2026-06-08_deep\downloaded_web_sources\source_24_1_0df9c7c8a7.txt,0.4956,analysis_outputs\thesis_similarity\final_2026-06-08_deep\downloaded_web_sources\source_24_1_0df9c7c8a7.txt,1,deep reinforcement learning-based energy storage arbitrage with accurate lithium-ion battery degradation model ieee journals magazine ieee xplore ieee account change username password update address purchase details payment options order history view purchased documents profile information communications preferences profession and education technical interests need help us canada 1 800 678 4333 worldwide 1 732 981 0060 contact support about ieee xplore contact us help accessibility terms of use ,"еження SOC, потужність заряду/розряду, efficiency і простий економічний objective. Park et al. (2017) прямо формулюють short-term ESS scheduling через лінійні обмеження SOC, power range, energy limits та efficiency [17]. Hesse et al. (2019), Maheshwari et al. (2020), Kumtepeli et al. (2020) і Cao et al. (2020) показують, що storage dispatch може бути розширений degradation-aware або learning-based компонентами, але це підвищує вимоги до параметризації батареї та якості даних [18], [22], [23], [24]. У роботі LP використовується не як тема окремого математичного дослідження, а як deterministic evaluator, який дає однаковий scoring contour для всіх forecast і selector candidates. Це важливо, бо порівняння моделей без спільного optimization contour може бути несправедливим. Vykhodtsev et al. (2022) додатково пояснюють, що спрощене power-energy представлення батареї є придатним для techno-economic studies, але не замінює повний electrochemical digital twin [25]. Strict LP/oracle evaluator виконує дві ролі. По-перше, він оцінює value вибраного schedule. По-друге, він обчислює oracle reference, тобто найкращу offline value при realized prices. Різниця між oracle value і selected value ста",partially-supported,topical/source match present; exact claim scope should be human spot-checked for grouped or broad citations
34,25,Vykhodtsev et al. A review of modelling approaches to characterize lithium-ion battery energy storage systems in techno-economic analyses of power systems. DOI: 10.1016/j.rser.2022.112584. https://doi.org/10.1016/j.rser.2022.112584,docs\thesis\sources\2106.08702v1.pdf,0.6671,docs\thesis\sources\2106.08702v1.pdf,1,corresponding circuit component 60 21 figure 2 number of publications in techno-economic studies of power system with the battery model di erent from a simple power-energy model the interest to the models that describe the dynamics of the processes in- side the battery has increased recently figure 2 all the papers in power system economic studies employing either the voltage-current model or the concentration-current model were published in the last three years 57 13 19 11 20 63 this can be lin,"кості даних [18], [22], [23], [24]. У роботі LP використовується не як тема окремого математичного дослідження, а як deterministic evaluator, який дає однаковий scoring contour для всіх forecast і selector candidates. Це важливо, бо порівняння моделей без спільного optimization contour може бути несправедливим. Vykhodtsev et al. (2022) додатково пояснюють, що спрощене power-energy представлення батареї є придатним для techno-economic studies, але не замінює повний electrochemical digital twin [25]. Strict LP/oracle evaluator виконує дві ролі. По-перше, він оцінює value вибраного schedule. По-друге, він обчислює oracle reference, тобто найкращу offline value при realized prices. Різниця між oracle value і selected value стає regret. Такий підхід дозволяє говорити не ""модель має меншу похибку"", а ""schedule втрачає менше економічної цінності відносно oracle"". Саме economic inputs для degradation/value scoring - storage cost/performance, replacement/cycle-life, round-trip efficiency і PV-plus-battery cost context - підтримуються NREL Storage Futures та NREL ATB матеріалами [26], [27].",supported,strong multilingual semantic match in cited source candidate
35,26,Augustine and Blair. Storage Futures Study: Storage Technology Modeling Input Data Report. NREL/TP-5700-78694. https://www.nrel.gov/docs/fy21osti/78694.pdf,docs\thesis\sources\nrel-2021-storage-futures-technology-modeling-input-data-report.pdf,0.4715,docs\thesis\sources\nrel-2021-storage-futures-technology-modeling-input-data-report.pdf,1,and that translates into these values as discussed in section 2 4 the definition of what is included in the overall system cost is critical and currently is not handled consistently across the globe nor are specific us prices always defined which should be higher with soft costs included note that many analyses might use any of these current and future costs for analyses and come back with significantly different results figure 39 comparison of bnef and schmidt et al 2018 residential bess instal,"hedule. По-друге, він обчислює oracle reference, тобто найкращу offline value при realized prices. Різниця між oracle value і selected value стає regret. Такий підхід дозволяє говорити не ""модель має меншу похибку"", а ""schedule втрачає менше економічної цінності відносно oracle"". Саме economic inputs для degradation/value scoring - storage cost/performance, replacement/cycle-life, round-trip efficiency і PV-plus-battery cost context - підтримуються NREL Storage Futures та NREL ATB матеріалами [26], [27].",partially-supported,topical/source match present; exact claim scope should be human spot-checked for grouped or broad citations
36,27,NREL. 2023 Annual Technology Baseline: Utility-Scale PV-Plus-Battery. https://atb.nrel.gov/electricity/2023/residential_battery_storage/utility-scale_pv-plus-battery,docs\thesis\sources\nrel-atb-2023-pv-plus-battery.md,0.3636,docs\thesis\sources\nrel-atb-2023-pv-plus-battery.md,1,deriving dispatch limits from location documenting that the level 1 degradation model is a tractable economic proxy not a full ageing model citation note use the canonical url above in the thesis bibliography if the atb version changes cite it as the 2023 nrel annual technology baseline pv-plus-battery page accessed on 2026-05-04,". По-друге, він обчислює oracle reference, тобто найкращу offline value при realized prices. Різниця між oracle value і selected value стає regret. Такий підхід дозволяє говорити не ""модель має меншу похибку"", а ""schedule втрачає менше економічної цінності відносно oracle"". Саме economic inputs для degradation/value scoring - storage cost/performance, replacement/cycle-life, round-trip efficiency і PV-plus-battery cost context - підтримуються NREL Storage Futures та NREL ATB матеріалами [26], [27].",needs-human,"low semantic match; broad/governance citation, landing page, or incomplete full text"
37,15,Olivares et al. Neural basis expansion analysis with exogenous variables: Forecasting electricity prices with NBEATSx. DOI: 10.1016/j.ijforecast.2022.03.001. https://arxiv.org/abs/2104.05522,analysis_outputs\thesis_similarity\final_2026-06-08_deep\downloaded_web_sources\source_15_1_6e29cb2c21.txt,0.6523,analysis_outputs\thesis_similarity\final_2026-06-08_deep\downloaded_web_sources\source_15_1_6e29cb2c21.txt,1,electricity prices with nbeatsx authors kin g olivares cristian challu grzegorz marcjasz rafa weron artur dubrawski view a pdf of the paper titled neural basis expansion analysis with exogenous variables forecasting electricity prices with nbeatsx by kin g olivares and cristian challu and grzegorz marcjasz and rafa l weron and artur dubrawski view pdf abstract we extend the neural basis expansion analysis nbeats to incorporate exogenous factors the resulting method called nbeatsx improves on a w,"NBEATSx у роботі має статус forecast-layer choice/adaptor. Olivares et al. (2023) описують NBEATSx як neural basis expansion model з exogenous variables для electricity price forecasting [15]. Це релевантно для DAM/BESS, бо цінові ряди мають щоденні, тижневі, сезонні та регуляторні компоненти, а також реагують на погодні й системні фактори. Проте сам факт використання NBEATSx не є доказом кращого arbitrage result; його output перевіряється через LP/regret. Temporal Fusion Transformer, запропонований Lim et al. (2021), є другим важливим forecast-layer напрямом [16]. TFT підтримує multi-horizon forecasting, static covariates, known future inputs, observed historical inputs, variable selection та attention-based interpretability. Probabilistic TFT та інші сучасні deep-learning EPF роботи розширюють цей напрям у бік uncertainty-aware forecasting, quantile loss і exogenous-aware transformer architectures (Jiang et al., 2024 [28]; Wang et al., 2024 [29]; Yu et al., 2026 [30]; Jin and Blanco-Encomienda, 2026 [31]). Окремий висновок із сучасної EPF-літератури стосується foundation models і temporal hierarchy. PriceFM, THieF, TSFM leakage studies, TFMAdapter і Reverso показують активний роз",supported,strong multilingual semantic match in cited source candidate
38,16,Lim et al. Temporal Fusion Transformers for Interpretable Multi-horizon Time Series Forecasting. DOI: 10.48550/arXiv.1912.09363. https://arxiv.org/abs/1912.09363,analysis_outputs\thesis_similarity\final_2026-06-08_deep\downloaded_web_sources\source_16_1_bfadab858a.txt | docs\thesis\sources\1912.09363v3.pdf,0.6069,docs\thesis\sources\1912.09363v3.pdf,1,exogenous inputs are known into the future 9 6 12 a common problem with autoregressive models or neglect important static covariates 10 which are simply concatenated with other time-dependent features at each step many recent improvements in time series models have resulted from the alignment of architectures with unique data characteristics 13 14 we argue and demonstrate that similar performance gains can also be reaped by designing networks with suitable inductive biases for multi-horizon fore,"et al. (2023) описують NBEATSx як neural basis expansion model з exogenous variables для electricity price forecasting [15]. Це релевантно для DAM/BESS, бо цінові ряди мають щоденні, тижневі, сезонні та регуляторні компоненти, а також реагують на погодні й системні фактори. Проте сам факт використання NBEATSx не є доказом кращого arbitrage result; його output перевіряється через LP/regret. Temporal Fusion Transformer, запропонований Lim et al. (2021), є другим важливим forecast-layer напрямом [16]. TFT підтримує multi-horizon forecasting, static covariates, known future inputs, observed historical inputs, variable selection та attention-based interpretability. Probabilistic TFT та інші сучасні deep-learning EPF роботи розширюють цей напрям у бік uncertainty-aware forecasting, quantile loss і exogenous-aware transformer architectures (Jiang et al., 2024 [28]; Wang et al., 2024 [29]; Yu et al., 2026 [30]; Jin and Blanco-Encomienda, 2026 [31]). Окремий висновок із сучасної EPF-літератури стосується foundation models і temporal hierarchy. PriceFM, THieF, TSFM leakage studies, TFMAdapter і Reverso показують активний розвиток time-series foundation-model напряму, але ці джерела у роботі ",partially-supported,topical/source match present; exact claim scope should be human spot-checked for grouped or broad citations
39,28,Jiang et al. Probabilistic electricity price forecasting based on penalized temporal fusion transformer. DOI: 10.1002/for.3084. https://doi.org/10.1002/for.3084,analysis_outputs\thesis_similarity\final_2026-06-08_deep\downloaded_web_sources\source_28_1_2be47c4334_http_403.txt,0.2912,analysis_outputs\thesis_similarity\final_2026-06-08_deep\downloaded_web_sources\source_28_1_2be47c4334_http_403.txt,1,wiley com' fa doi 10 1002 for 3084 cf_chl_f_tk omsc2749m41noxbc96omxloacefom69ed9u2re_mhaw-1780941780-1 0 1 1-cpebiiesxeupmwrbfrknchgy1fgpkfkyrlecrxcjqa0 md oyurzexuordxx tvojuelj23axlu4hnqu0wocl2vtw8-1780941780-1 2 1 1-_7o9rpm3xnd65b ctdc5ge4fdp8mo teikl53vqo2m1zjbnokh_8nu71gaxmraxukai4jjaqzuimpywsmtwehbduphpfkfgpwtb42afvi0myvvjnjeiiwv4svnqfih6lwu3we hqwvlubl87ypxokgboxd74kw7bv2xulidrtczf2drsahd3rgbp1z1hxdpfa30jnc432lcd380oe_ufhlzc8t4z0tdovogxx3kry93o08fvnr1vkbzbhdocv p wzzkbbo hnnz79hczn8ifrmx,"іряється через LP/regret. Temporal Fusion Transformer, запропонований Lim et al. (2021), є другим важливим forecast-layer напрямом [16]. TFT підтримує multi-horizon forecasting, static covariates, known future inputs, observed historical inputs, variable selection та attention-based interpretability. Probabilistic TFT та інші сучасні deep-learning EPF роботи розширюють цей напрям у бік uncertainty-aware forecasting, quantile loss і exogenous-aware transformer architectures (Jiang et al., 2024 [28]; Wang et al., 2024 [29]; Yu et al., 2026 [30]; Jin and Blanco-Encomienda, 2026 [31]). Окремий висновок із сучасної EPF-літератури стосується foundation models і temporal hierarchy. PriceFM, THieF, TSFM leakage studies, TFMAdapter і Reverso показують активний розвиток time-series foundation-model напряму, але ці джерела у роботі мають статус future/research context, а не причину для зміни поточного headline result [32], [33], [34], [35], [36]. Current evidence залишається прив'язаною до українського DAM benchmark і V2/V2+ schedule/value selector.",needs-human,"low semantic match; broad/governance citation, landing page, or incomplete full text"
40,29,Wang et al. TimeXer: Empowering Transformers for Time Series Forecasting with Exogenous Variables. DOI: 10.48550/arXiv.2402.19072. https://arxiv.org/abs/2402.19072,analysis_outputs\thesis_similarity\final_2026-06-08_deep\downloaded_web_sources\source_29_1_364b065cd8.txt | docs\thesis\sources\2402.19072v2-timexer-exogenous-transformer-forecasting.pdf,0.6870,docs\thesis\sources\2402.19072v2-timexer-exogenous-transformer-forecasting.pdf,1,timexer empowering transformers for time series forecasting with exogenous variables yuxuan wang haixu wu jiaxiang dong guo qin haoran zhang yong liu yunzhong qiu jianmin wang mingsheng long school of software bnrist tsinghua university beijing 100084 china wangyuxu22 whx20 djx20 qinguo24 zhang-hr24 liuyong21 qiuyz24 mails tsinghua edu cn jimwang mingsheng tsinghua edu cn abstract deep models have demonstrated remarkable performance in time series forecasting however due to the partially-observe,". Temporal Fusion Transformer, запропонований Lim et al. (2021), є другим важливим forecast-layer напрямом [16]. TFT підтримує multi-horizon forecasting, static covariates, known future inputs, observed historical inputs, variable selection та attention-based interpretability. Probabilistic TFT та інші сучасні deep-learning EPF роботи розширюють цей напрям у бік uncertainty-aware forecasting, quantile loss і exogenous-aware transformer architectures (Jiang et al., 2024 [28]; Wang et al., 2024 [29]; Yu et al., 2026 [30]; Jin and Blanco-Encomienda, 2026 [31]). Окремий висновок із сучасної EPF-літератури стосується foundation models і temporal hierarchy. PriceFM, THieF, TSFM leakage studies, TFMAdapter і Reverso показують активний розвиток time-series foundation-model напряму, але ці джерела у роботі мають статус future/research context, а не причину для зміни поточного headline result [32], [33], [34], [35], [36]. Current evidence залишається прив'язаною до українського DAM benchmark і V2/V2+ schedule/value selector.",supported,strong multilingual semantic match in cited source candidate
41,30,"Yu et al. Deep Learning for Electricity Price Forecasting: A Review of Day-Ahead, Intraday, and Balancing Electricity Markets. DOI: 10.48550/arXiv.2602.10071. https://arxiv.org/abs/2602.10071",analysis_outputs\thesis_similarity\final_2026-06-08_deep\downloaded_web_sources\source_30_1_666f10bdf2.txt | docs\thesis\sources\Deep_Learning_for_Electricity_Price_Forecasting_A_.pdf,0.6654,docs\thesis\sources\Deep_Learning_for_Electricity_Price_Forecasting_A_.pdf,1,3 4 7 14 in more advanced settings models extend this formulation to mmp smm or mmm heads enabling simultaneous forecasting across multiple countries and or mul- tiple quantiles 19 27 28 48 c shift from pointwise to probabilistic setting another notable trend is the gradual transition from pointwise objec- tives toward probabilistic forecasting prior to 2022 most stud- ies optimized pointwise losses such as mae or mse 1 2 7 14 after 2023 however an increasing number of works adopted distribution,"sformer, запропонований Lim et al. (2021), є другим важливим forecast-layer напрямом [16]. TFT підтримує multi-horizon forecasting, static covariates, known future inputs, observed historical inputs, variable selection та attention-based interpretability. Probabilistic TFT та інші сучасні deep-learning EPF роботи розширюють цей напрям у бік uncertainty-aware forecasting, quantile loss і exogenous-aware transformer architectures (Jiang et al., 2024 [28]; Wang et al., 2024 [29]; Yu et al., 2026 [30]; Jin and Blanco-Encomienda, 2026 [31]). Окремий висновок із сучасної EPF-літератури стосується foundation models і temporal hierarchy. PriceFM, THieF, TSFM leakage studies, TFMAdapter і Reverso показують активний розвиток time-series foundation-model напряму, але ці джерела у роботі мають статус future/research context, а не причину для зміни поточного headline result [32], [33], [34], [35], [36]. Current evidence залишається прив'язаною до українського DAM benchmark і V2/V2+ schedule/value selector.",supported,strong multilingual semantic match in cited source candidate
42,31,Jin and Blanco-Encomienda. Seasonal Decomposition-Enhanced Deep Learning Architecture for Probabilistic Forecasting. DOI: 10.1002/for.70065. https://doi.org/10.1002/for.70065,analysis_outputs\thesis_similarity\final_2026-06-08_deep\downloaded_web_sources\source_31_1_887229837c_http_403.txt | docs\thesis\sources\Journal of Forecasting - 2025 - Jin - Seasonal Decomposition‐Enhanced Deep Learning Architecture for Probabilistic.pdf,0.6846,docs\thesis\sources\Journal of Forecasting - 2025 - Jin - Seasonal Decomposition‐Enhanced Deep Learning Architecture for Probabilistic.pdf,1,end and since it models the trend component and the seasonal component separately the framework can be adapted to various deep time series models figure 4 point forecasting error distribution for 10 horizons ahead on wit- ms dataset table 7 rmse performance of point forecasting on wti dataset dataset horizon lstm lstm- de tcn tcn- de tpa tpa- de logtrans logtrans- de count wti- ms 1 3 801 1 235 2 147 1 237 3 224 1 269 3 166 1 711 4 3 4 702 2 180 5 225 2 027 3 486 1 935 6 050 2 548 4 6 5 730 2 88,"21), є другим важливим forecast-layer напрямом [16]. TFT підтримує multi-horizon forecasting, static covariates, known future inputs, observed historical inputs, variable selection та attention-based interpretability. Probabilistic TFT та інші сучасні deep-learning EPF роботи розширюють цей напрям у бік uncertainty-aware forecasting, quantile loss і exogenous-aware transformer architectures (Jiang et al., 2024 [28]; Wang et al., 2024 [29]; Yu et al., 2026 [30]; Jin and Blanco-Encomienda, 2026 [31]). Окремий висновок із сучасної EPF-літератури стосується foundation models і temporal hierarchy. PriceFM, THieF, TSFM leakage studies, TFMAdapter і Reverso показують активний розвиток time-series foundation-model напряму, але ці джерела у роботі мають статус future/research context, а не причину для зміни поточного headline result [32], [33], [34], [35], [36]. Current evidence залишається прив'язаною до українського DAM benchmark і V2/V2+ schedule/value selector.",supported,strong multilingual semantic match in cited source candidate
43,32,Yu et al. PriceFM: Foundation Model for Probabilistic Electricity Price Forecasting. arXiv:2508.04875. https://arxiv.org/abs/2508.04875,analysis_outputs\thesis_similarity\final_2026-06-08_deep\downloaded_web_sources\source_32_1_1a7b8a9952.txt | docs\thesis\sources\2508.04875-pricefm-electricity-price-forecasting.pdf,0.5415,docs\thesis\sources\2508.04875-pricefm-electricity-price-forecasting.pdf,1,supports multi- region multi-timestep and multi-quantile forecasting we conduct experiments to evaluate the model's per- formance against multiple baselines and assess the im- pact of design choices through ablation studies thereby providing both quantitative evidence of overall perfor- mance and insights into optimal configurations 2 related work foundation models foundation models are typically pre- trained on large-scale datasets and then transferred to new tasks in a zero-shot manner represe,"antile loss і exogenous-aware transformer architectures (Jiang et al., 2024 [28]; Wang et al., 2024 [29]; Yu et al., 2026 [30]; Jin and Blanco-Encomienda, 2026 [31]). Окремий висновок із сучасної EPF-літератури стосується foundation models і temporal hierarchy. PriceFM, THieF, TSFM leakage studies, TFMAdapter і Reverso показують активний розвиток time-series foundation-model напряму, але ці джерела у роботі мають статус future/research context, а не причину для зміни поточного headline result [32], [33], [34], [35], [36]. Current evidence залишається прив'язаною до українського DAM benchmark і V2/V2+ schedule/value selector.",partially-supported,topical/source match present; exact claim scope should be human spot-checked for grouped or broad citations
44,33,Lipiecki et al. Stealing Accuracy: Predicting Day-ahead Electricity Prices with Temporal Hierarchy Forecasting (THieF). arXiv:2508.11372. https://arxiv.org/abs/2508.11372,analysis_outputs\thesis_similarity\final_2026-06-08_deep\downloaded_web_sources\source_33_1_c3298c26a1.txt | docs\thesis\sources\2508.11372-thief-day-ahead-electricity-price-forecasting.pdf,0.6739,docs\thesis\sources\2508.11372-thief-day-ahead-electricity-price-forecasting.pdf,1,tabular foundation model based on a 12-layer 72 million-parameter transformer architecture zhang and robinson 2025 to our best knowledge we are the first to use pretrained foundation models not only for epf but also for temporal hierarchies as such we complement the literature that has focused on evaluating the benefits of thief with conventional relatively small base forecasting methods we find that temporal reconciliation leads to significant improvements in terms of the mean absolute error ma," loss і exogenous-aware transformer architectures (Jiang et al., 2024 [28]; Wang et al., 2024 [29]; Yu et al., 2026 [30]; Jin and Blanco-Encomienda, 2026 [31]). Окремий висновок із сучасної EPF-літератури стосується foundation models і temporal hierarchy. PriceFM, THieF, TSFM leakage studies, TFMAdapter і Reverso показують активний розвиток time-series foundation-model напряму, але ці джерела у роботі мають статус future/research context, а не причину для зміни поточного headline result [32], [33], [34], [35], [36]. Current evidence залишається прив'язаною до українського DAM benchmark і V2/V2+ schedule/value selector.",supported,strong multilingual semantic match in cited source candidate
45,34,Meyer et al. Rethinking Evaluation in the Era of Time Series Foundation Models: (Un)known Information Leakage Challenges. arXiv:2510.13654. https://arxiv.org/abs/2510.13654,analysis_outputs\thesis_similarity\final_2026-06-08_deep\downloaded_web_sources\source_34_1_348c494f11.txt,0.5754,analysis_outputs\thesis_similarity\final_2026-06-08_deep\downloaded_web_sources\source_34_1_348c494f11.txt,1,of time series foundation models un known information leakage challenges authors marcel meyer sascha kaltenpoth kevin zalipski oliver m ller view a pdf of the paper titled rethinking evaluation in the era of time series foundation models un known information leakage challenges by marcel meyer and 3 other authors view pdf html experimental abstract time series foundation models tsfms represent a new paradigm for time-series forecasting promising zero-shot predictions without the need for task-spe,"і exogenous-aware transformer architectures (Jiang et al., 2024 [28]; Wang et al., 2024 [29]; Yu et al., 2026 [30]; Jin and Blanco-Encomienda, 2026 [31]). Окремий висновок із сучасної EPF-літератури стосується foundation models і temporal hierarchy. PriceFM, THieF, TSFM leakage studies, TFMAdapter і Reverso показують активний розвиток time-series foundation-model напряму, але ці джерела у роботі мають статус future/research context, а не причину для зміни поточного headline result [32], [33], [34], [35], [36]. Current evidence залишається прив'язаною до українського DAM benchmark і V2/V2+ schedule/value selector.",partially-supported,topical/source match present; exact claim scope should be human spot-checked for grouped or broad citations
46,35,Dange and Sarawagi. TFMAdapter: Lightweight Instance-Level Adaptation of Foundation Models for Forecasting with Covariates. arXiv:2509.13906. https://arxiv.org/abs/2509.13906,analysis_outputs\thesis_similarity\final_2026-06-08_deep\downloaded_web_sources\source_35_1_840b4a7ddf.txt,0.5452,analysis_outputs\thesis_similarity\final_2026-06-08_deep\downloaded_web_sources\source_35_1_840b4a7ddf.txt,1,pdf of the paper titled tfmadapter lightweight instance-level adaptation of foundation models for forecasting with covariates by afrin dange and 1 other authors view pdf html experimental abstract time series foundation models tsfms have recently achieved state-of-the-art performance in univariate forecasting on new time series simply by conditioned on a brief history of past values their success demonstrates that large-scale pretraining across diverse domains can acquire the inductive bias to g,"enous-aware transformer architectures (Jiang et al., 2024 [28]; Wang et al., 2024 [29]; Yu et al., 2026 [30]; Jin and Blanco-Encomienda, 2026 [31]). Окремий висновок із сучасної EPF-літератури стосується foundation models і temporal hierarchy. PriceFM, THieF, TSFM leakage studies, TFMAdapter і Reverso показують активний розвиток time-series foundation-model напряму, але ці джерела у роботі мають статус future/research context, а не причину для зміни поточного headline result [32], [33], [34], [35], [36]. Current evidence залишається прив'язаною до українського DAM benchmark і V2/V2+ schedule/value selector.",partially-supported,topical/source match present; exact claim scope should be human spot-checked for grouped or broad citations
47,36,Fu et al. Reverso: Efficient Time Series Foundation Models for Zero-shot Forecasting. arXiv:2602.17634. https://arxiv.org/abs/2602.17634,analysis_outputs\thesis_similarity\final_2026-06-08_deep\downloaded_web_sources\source_36_1_5ac9d0a3cc.txt,0.5365,analysis_outputs\thesis_similarity\final_2026-06-08_deep\downloaded_web_sources\source_36_1_5ac9d0a3cc.txt,1,pdf of the paper titled reverso efficient time series foundation models for zero-shot forecasting by xinghong fu and 3 other authors view pdf html experimental abstract learning time series foundation models has been shown to be a promising approach for zero-shot time series forecasting across diverse time series domains insofar as scaling has been a critical driver of performance of foundation models in other modalities such as language and vision much recent work on time series foundation mode,"aware transformer architectures (Jiang et al., 2024 [28]; Wang et al., 2024 [29]; Yu et al., 2026 [30]; Jin and Blanco-Encomienda, 2026 [31]). Окремий висновок із сучасної EPF-літератури стосується foundation models і temporal hierarchy. PriceFM, THieF, TSFM leakage studies, TFMAdapter і Reverso показують активний розвиток time-series foundation-model напряму, але ці джерела у роботі мають статус future/research context, а не причину для зміни поточного headline result [32], [33], [34], [35], [36]. Current evidence залишається прив'язаною до українського DAM benchmark і V2/V2+ schedule/value selector.",partially-supported,topical/source match present; exact claim scope should be human spot-checked for grouped or broad citations
48,12,"Elmachtoub and Grigas. Smart ""Predict, then Optimize"". DOI: 10.1287/mnsc.2020.3922. https://doi.org/10.1287/mnsc.2020.3922","analysis_outputs\thesis_similarity\final_2026-06-08_deep\downloaded_web_sources\source_12_1_a33ebc2400_http_403.txt | docs\thesis\sources\1710.08005v5-Smart “Predict, then Optimize” Adam N. Elmachtoub.pdf",0.7364,"docs\thesis\sources\1710.08005v5-Smart “Predict, then Optimize” Adam N. Elmachtoub.pdf",1,machine learning and optimization are used to make decision s typically the optimization model is used to generate decisions while a machine learnin g tool is used to generate a prediction model that predicts key unknown parameters of th e optimization model due to the inherent complexity of both tasks a broad purpose appro ach that is often employed in analytics practice is the predict-then-optimize paradigm for example consider a vehicle routing problem that may be s olved several times a day ,"Decision-Focused Learning у повному сенсі може означати навчання моделі через differentiable optimization layer або task-aware surrogate loss. Smart Predict-then-Optimize у Elmachtoub and Grigas (2022) формалізує проблему розриву між prediction loss і downstream objective [12]. Mandi et al. (2024) систематизують DFL як напрям, у якому learning model і constrained optimization problem поєднуються через decision loss, differentiable optimization, surrogate gradients або gradient-free methods [14]. Для storage arbitrage ця логіка особливо важлива, бо рішення є multistage: charge/discharge у поточну годину змінює SOC і майбутні feasible actions. Sang et al. (2022/2023) безпосередньо пов'язують electricity price prediction з ESS arbitrage regret, Persak and Anjos (2024) підкреслюють multistage structure, а Yi, Alghumayjan, and Xu (2024) показують perturbed DFL для strategic energy storage [13], [37], [38]. Distributional RL для energy arbitrage розглядається як risk-sensitive future context, а не як поточний production-facing метод рекомендаційного preview (Madahi et al., 2024 [39]). У роботі цей напрям використовується обережно. Головний результат є schedule/value selector з regret-awa",supported,strong multilingual semantic match in cited source candidate
49,14,"Mandi et al. Decision-Focused Learning: Foundations, State of the Art, Benchmark and Future Opportunities. DOI: 10.1613/jair.1.15320 / arXiv:2307.13565. https://arxiv.org/abs/2307.13565",analysis_outputs\thesis_similarity\final_2026-06-08_deep\downloaded_web_sources\source_14_1_ea750e7747.txt | docs\thesis\sources\2307.13565v4-decision-focused-learning-survey.pdf | docs\thesis\sources\2406.17085v2-perturbed-decision-focused-learning-energy-storage.pdf,0.7595,docs\thesis\sources\2307.13565v4-decision-focused-learning-survey.pdf,1,pre- dictive models and consequently high-quality decisions indeed if the predictions of the parameters were perfectly accurate they would enable the correct specification of co models which can be solved to yield fully optimal decisions however ml models often fall short of perfect accuracy leading to suboptimal decisions due to propagated prediction errors thus in many applications the predictive and prescriptive modelings are not isolated but rather deeply interconnected and hence should idea,"Decision-Focused Learning у повному сенсі може означати навчання моделі через differentiable optimization layer або task-aware surrogate loss. Smart Predict-then-Optimize у Elmachtoub and Grigas (2022) формалізує проблему розриву між prediction loss і downstream objective [12]. Mandi et al. (2024) систематизують DFL як напрям, у якому learning model і constrained optimization problem поєднуються через decision loss, differentiable optimization, surrogate gradients або gradient-free methods [14]. Для storage arbitrage ця логіка особливо важлива, бо рішення є multistage: charge/discharge у поточну годину змінює SOC і майбутні feasible actions. Sang et al. (2022/2023) безпосередньо пов'язують electricity price prediction з ESS arbitrage regret, Persak and Anjos (2024) підкреслюють multistage structure, а Yi, Alghumayjan, and Xu (2024) показують perturbed DFL для strategic energy storage [13], [37], [38]. Distributional RL для energy arbitrage розглядається як risk-sensitive future context, а не як поточний production-facing метод рекомендаційного preview (Madahi et al., 2024 [39]). У роботі цей напрям використовується обережно. Головний результат є schedule/value selector з regret-awa",supported,strong multilingual semantic match in cited source candidate
50,13,Sang et al. Electricity Price Prediction for Energy Storage System Arbitrage: A Decision-Focused Approach. DOI: 10.1109/TSG.2022.3166791 / arXiv:2305.00362. https://doi.org/10.1109/TSG.2022.3166791,analysis_outputs\thesis_similarity\final_2026-06-08_deep\downloaded_web_sources\source_13_1_3d7ac8d729.txt | docs\thesis\sources\2305.00362v1-electricity-price-prediction-ess-arbitrage-dfl.pdf,0.7387,docs\thesis\sources\2305.00362v1-electricity-price-prediction-ess-arbitrage-dfl.pdf,1,1 electricity price prediction for energy storage system arbitrage a decision-focused approach linwei sang yinliang xu senior member ieee huan long member ieee qinran hu senior member ieee hongbin sun fellow ieee abstract electricity price prediction plays a vital role in energy storage system ess management current prediction models focus on reducing prediction errors but overlook their impact on downstream decision-making so this paper proposes a decision-focused electricity price prediction a,"через decision loss, differentiable optimization, surrogate gradients або gradient-free methods [14]. Для storage arbitrage ця логіка особливо важлива, бо рішення є multistage: charge/discharge у поточну годину змінює SOC і майбутні feasible actions. Sang et al. (2022/2023) безпосередньо пов'язують electricity price prediction з ESS arbitrage regret, Persak and Anjos (2024) підкреслюють multistage structure, а Yi, Alghumayjan, and Xu (2024) показують perturbed DFL для strategic energy storage [13], [37], [38]. Distributional RL для energy arbitrage розглядається як risk-sensitive future context, а не як поточний production-facing метод рекомендаційного preview (Madahi et al., 2024 [39]). У роботі цей напрям використовується обережно. Головний результат є schedule/value selector з regret-aware evaluation, а не повний differentiable predict-then-bid stack. Диференційовані оптимізаційні шари Agrawal et al. (2019) та OptNet Amos and Kolter (2017) підтримують roadmap, але не доводять наявність deployed DFL controller [40], [41]. Predict-then-bid framework Yi et al. (2025) також використовується як цільова дослідницька траєкторія, а не як опис поточного market-execution стану [42].",supported,strong multilingual semantic match in cited source candidate
51,37,Persak and Anjos. Decision-Focused Forecasting: A Differentiable Multistage Optimisation Architecture. arXiv:2405.14719. https://arxiv.org/abs/2405.14719,analysis_outputs\thesis_similarity\final_2026-06-08_deep\downloaded_web_sources\source_37_1_03c88c7358.txt | docs\thesis\sources\2405.14719v2.pdf,0.6794,docs\thesis\sources\2405.14719v2.pdf,1,but note that at the cost of one extra solver call per stage substantial the intertemporal gradient at that stage could be set to0 for state variables not exhibiting an intertemporal effect in the optimal solution given true parameters 4 experiments 4 1 battery storage the battery storage arbitrage task is an evolved version of the third experiment in donti et al 2017 the code implementation is available here at each stage a decision has to be made about how much to charge or discharge a battery,"decision loss, differentiable optimization, surrogate gradients або gradient-free methods [14]. Для storage arbitrage ця логіка особливо важлива, бо рішення є multistage: charge/discharge у поточну годину змінює SOC і майбутні feasible actions. Sang et al. (2022/2023) безпосередньо пов'язують electricity price prediction з ESS arbitrage regret, Persak and Anjos (2024) підкреслюють multistage structure, а Yi, Alghumayjan, and Xu (2024) показують perturbed DFL для strategic energy storage [13], [37], [38]. Distributional RL для energy arbitrage розглядається як risk-sensitive future context, а не як поточний production-facing метод рекомендаційного preview (Madahi et al., 2024 [39]). У роботі цей напрям використовується обережно. Головний результат є schedule/value selector з regret-aware evaluation, а не повний differentiable predict-then-bid stack. Диференційовані оптимізаційні шари Agrawal et al. (2019) та OptNet Amos and Kolter (2017) підтримують roadmap, але не доводять наявність deployed DFL controller [40], [41]. Predict-then-bid framework Yi et al. (2025) також використовується як цільова дослідницька траєкторія, а не як опис поточного market-execution стану [42].",supported,strong multilingual semantic match in cited source candidate
52,38,"Yi, Alghumayjan, and Xu. Perturbed Decision-Focused Learning for Modeling Strategic Energy Storage. arXiv:2406.17085. https://arxiv.org/abs/2406.17085",analysis_outputs\thesis_similarity\final_2026-06-08_deep\downloaded_web_sources\source_38_1_56be92e239.txt | docs\thesis\sources\2307.13565v4-decision-focused-learning-survey.pdf | docs\thesis\sources\2406.17085v2-perturbed-decision-focused-learning-energy-storage.pdf | docs\thesis\sources\2505.01551v2=Decision-Focused Predict-then-Bid Framework for Strategic Energy Storage.pdf,0.7576,docs\thesis\sources\2406.17085v2-perturbed-decision-focused-learning-energy-storage.pdf,1,price predictions using historical features x and then the storage model makes the optimal arbitrage decisions by solving 1 pt bt argmax pt bt x tx t 1 t pt bt u pt bt g x 1a s t 0 pt bt p 1b pt 0 if t 0 1c 0 et e 1d et et 1 pt bt 1e where pt and bt are discharge and charge power at time t while pt and bt are the optimized storage dispatch decisions t is the time horizon t is the predicted real-time price et is the state-of-charge soc p is the power rating of storage is the storage efficiency e ,"on loss, differentiable optimization, surrogate gradients або gradient-free methods [14]. Для storage arbitrage ця логіка особливо важлива, бо рішення є multistage: charge/discharge у поточну годину змінює SOC і майбутні feasible actions. Sang et al. (2022/2023) безпосередньо пов'язують electricity price prediction з ESS arbitrage regret, Persak and Anjos (2024) підкреслюють multistage structure, а Yi, Alghumayjan, and Xu (2024) показують perturbed DFL для strategic energy storage [13], [37], [38]. Distributional RL для energy arbitrage розглядається як risk-sensitive future context, а не як поточний production-facing метод рекомендаційного preview (Madahi et al., 2024 [39]). У роботі цей напрям використовується обережно. Головний результат є schedule/value selector з regret-aware evaluation, а не повний differentiable predict-then-bid stack. Диференційовані оптимізаційні шари Agrawal et al. (2019) та OptNet Amos and Kolter (2017) підтримують roadmap, але не доводять наявність deployed DFL controller [40], [41]. Predict-then-bid framework Yi et al. (2025) також використовується як цільова дослідницька траєкторія, а не як опис поточного market-execution стану [42].",supported,strong multilingual semantic match in cited source candidate
53,39,Madahi et al. Distributional Reinforcement Learning-based Energy Arbitrage Strategies in Imbalance Settlement Mechanism. arXiv:2401.00015. https://arxiv.org/abs/2401.00015,analysis_outputs\thesis_similarity\final_2026-06-08_deep\downloaded_web_sources\source_39_1_534f16dc97.txt,0.6100,analysis_outputs\thesis_similarity\final_2026-06-08_deep\downloaded_web_sources\source_39_1_534f16dc97.txt,1,view a pdf of the paper titled distributional reinforcement learning-based energy arbitrage strategies in imbalance settlement mechanism by seyed soroush karimi madahi and 2 other authors view pdf html experimental abstract growth in the penetration of renewable energy sources makes supply more uncertain and leads to an increase in the system imbalance this trend together with the single imbalance pricing opens an opportunity for balance responsible parties brps to perform energy arbitrage in th,"e у поточну годину змінює SOC і майбутні feasible actions. Sang et al. (2022/2023) безпосередньо пов'язують electricity price prediction з ESS arbitrage regret, Persak and Anjos (2024) підкреслюють multistage structure, а Yi, Alghumayjan, and Xu (2024) показують perturbed DFL для strategic energy storage [13], [37], [38]. Distributional RL для energy arbitrage розглядається як risk-sensitive future context, а не як поточний production-facing метод рекомендаційного preview (Madahi et al., 2024 [39]). У роботі цей напрям використовується обережно. Головний результат є schedule/value selector з regret-aware evaluation, а не повний differentiable predict-then-bid stack. Диференційовані оптимізаційні шари Agrawal et al. (2019) та OptNet Amos and Kolter (2017) підтримують roadmap, але не доводять наявність deployed DFL controller [40], [41]. Predict-then-bid framework Yi et al. (2025) також використовується як цільова дослідницька траєкторія, а не як опис поточного market-execution стану [42].",partially-supported,topical/source match present; exact claim scope should be human spot-checked for grouped or broad citations
54,40,Agrawal et al. Differentiable Convex Optimization Layers. DOI: 10.48550/arXiv.1910.12430. https://arxiv.org/abs/1910.12430,analysis_outputs\thesis_similarity\final_2026-06-08_deep\downloaded_web_sources\source_40_1_0fa8f62346.txt | docs\thesis\sources\1910.12430v1.pdf,0.5579,docs\thesis\sources\1910.12430v1.pdf,1,quadratic costs 2018 arxiv 1811 00168 14 d belanger b yang and a mccallum end-to-end learning for structured prediction energy networks in intl conf machine learning 2017 15 a ben-tal b golany a nemirovski and j p vial retailer-supplier exible commit- ments contracts a robust optimization approach in manufacturing service operations management 7 3 2005 pp 248 271 16 d p bertsekas dynamic programming and optimal control 3rd ed v ol 1 athena scienti c belmont 2005 17 d bertsimas and a thiele a rob," RL для energy arbitrage розглядається як risk-sensitive future context, а не як поточний production-facing метод рекомендаційного preview (Madahi et al., 2024 [39]). У роботі цей напрям використовується обережно. Головний результат є schedule/value selector з regret-aware evaluation, а не повний differentiable predict-then-bid stack. Диференційовані оптимізаційні шари Agrawal et al. (2019) та OptNet Amos and Kolter (2017) підтримують roadmap, але не доводять наявність deployed DFL controller [40], [41]. Predict-then-bid framework Yi et al. (2025) також використовується як цільова дослідницька траєкторія, а не як опис поточного market-execution стану [42].",partially-supported,topical/source match present; exact claim scope should be human spot-checked for grouped or broad citations
55,41,Amos and Kolter. OptNet: Differentiable Optimization as a Layer in Neural Networks. Proceedings of Machine Learning Research 70:136-145. https://proceedings.mlr.press/v70/amos17a.html,analysis_outputs\thesis_similarity\final_2026-06-08_deep\downloaded_web_sources\source_41_1_01365a43ab.txt | docs\thesis\sources\amos17a-optnet-differentiable-optimization-layer.pdf,0.5327,docs\thesis\sources\amos17a-optnet-differentiable-optimization-layer.pdf,1,data manifold and high elsewhere lecun et al 2006 in recent years there has been a strong push to fur- ther incorporate structured prediction methods like condi- tional random elds as the last layer of a deep network architecture peng et al 2009 zheng et al 2015 chen et al 2015 as well as in deeper energy-based architec- tures belanger mccallum 2016 belanger et al 2017 amos et al 2017 learning in this context requires ob- served data which isn't present in some of the contexts we consider in thi,"я energy arbitrage розглядається як risk-sensitive future context, а не як поточний production-facing метод рекомендаційного preview (Madahi et al., 2024 [39]). У роботі цей напрям використовується обережно. Головний результат є schedule/value selector з regret-aware evaluation, а не повний differentiable predict-then-bid stack. Диференційовані оптимізаційні шари Agrawal et al. (2019) та OptNet Amos and Kolter (2017) підтримують roadmap, але не доводять наявність deployed DFL controller [40], [41]. Predict-then-bid framework Yi et al. (2025) також використовується як цільова дослідницька траєкторія, а не як опис поточного market-execution стану [42].",partially-supported,topical/source match present; exact claim scope should be human spot-checked for grouped or broad citations
56,42,Yi et al. A Decision-Focused Predict-then-Bid Framework for Strategic Energy Storage. DOI: 10.48550/arXiv.2505.01551. https://arxiv.org/abs/2505.01551,analysis_outputs\thesis_similarity\final_2026-06-08_deep\downloaded_web_sources\source_42_1_f17c55541f.txt | docs\thesis\sources\2505.01551v2=Decision-Focused Predict-then-Bid Framework for Strategic Energy Storage.pdf,0.5811,docs\thesis\sources\2505.01551v2=Decision-Focused Predict-then-Bid Framework for Strategic Energy Storage.pdf,1,1 price prediction based on input features 2 bid design based on price predictions and 3 market clearing based on designed bids we link the storage opportunity dual variable with bid- ding design in an end-to-end framework and prove this produces a differentiable implicit layer we enable efficient backpropagation for the decision- focused loss function through the implicit function theo- rem and perturbation methods numerical experiments on nyiso datasets demonstrate that our approach outperform,"39]). У роботі цей напрям використовується обережно. Головний результат є schedule/value selector з regret-aware evaluation, а не повний differentiable predict-then-bid stack. Диференційовані оптимізаційні шари Agrawal et al. (2019) та OptNet Amos and Kolter (2017) підтримують roadmap, але не доводять наявність deployed DFL controller [40], [41]. Predict-then-bid framework Yi et al. (2025) також використовується як цільова дослідницька траєкторія, а не як опис поточного market-execution стану [42].",partially-supported,topical/source match present; exact claim scope should be human spot-checked for grouped or broad citations
57,20,Chen et al. Decision Transformer: Reinforcement Learning via Sequence Modeling. DOI: 10.48550/arXiv.2106.01345. https://arxiv.org/abs/2106.01345,analysis_outputs\thesis_similarity\final_2026-06-08_deep\downloaded_web_sources\source_20_1_37573c9be9.txt | docs\thesis\sources\2106.01345v2.pdf,0.6949,analysis_outputs\thesis_similarity\final_2026-06-08_deep\downloaded_web_sources\source_20_1_37573c9be9.txt,1,outputs the optimal actions by leveraging a causally masked transformer by conditioning an autoregressive model on the desired return reward past states and actions our decision transformer model can generate future actions that achieve the desired return despite its simplicity decision transformer matches or exceeds the performance of state-of-the-art model-free offline rl baselines on atari openai gym and key-to-door tasks comments first two authors contributed equally last two authors advised,"Decision Transformer є привабливим напрямом для sequence-policy tasks, бо він може моделювати дії на return-to-go та історію станів. Chen et al. (2021) формулюють Decision Transformer як return-conditioned sequence modeling для offline reinforcement learning [20]. Bhargava et al. (2023) додатково показують, що переваги DT залежать від якості, обсягу й структури offline trajectories [21]. Практичну implementation reference для майбутніх експериментів дає офіційна документація Hugging Face Transformers [43]. У поточній роботі DT має тільки research-shadow статус. V13 source-readiness gate не дозволяє трактувати DT або LAVA як production-ready, доки немає explicit OREE DAM/IDM source/publication evidence for preview і достатньої кількості permitted training rows; market-submission receipts залишаються окремою execution-ready вимогою. Тому DT використовується для перевірки майбутньої архітектурної можливості, а не для headline result.",supported,strong multilingual semantic match in cited source candidate
58,21,Bhargava et al. When should we prefer Decision Transformers for Offline Reinforcement Learning? arXiv:2305.14550. https://arxiv.org/abs/2305.14550,analysis_outputs\thesis_similarity\final_2026-06-08_deep\downloaded_web_sources\source_21_1_f9ffc91868.txt | docs\thesis\sources\2305.14550v1-sequence-modeling-offline-rl.pdf,0.7473,docs\thesis\sources\2305.14550v1-sequence-modeling-offline-rl.pdf,1,includes the decision transformer chen et al 2021 and the trajectory transformer janner et al 2021 these algorithms train autoregressive sequence models that map the history of the trajectory to the next action in the decision transformer dt model the learned policy produces action distributions conditioned on trajectory history and desired returns-to-go rt pt t t rt this leads to the following trajectory representation used for both training and inference r1 s1 a1 r2 s2 a2 rt st at conditioning,"Decision Transformer є привабливим напрямом для sequence-policy tasks, бо він може моделювати дії на return-to-go та історію станів. Chen et al. (2021) формулюють Decision Transformer як return-conditioned sequence modeling для offline reinforcement learning [20]. Bhargava et al. (2023) додатково показують, що переваги DT залежать від якості, обсягу й структури offline trajectories [21]. Практичну implementation reference для майбутніх експериментів дає офіційна документація Hugging Face Transformers [43]. У поточній роботі DT має тільки research-shadow статус. V13 source-readiness gate не дозволяє трактувати DT або LAVA як production-ready, доки немає explicit OREE DAM/IDM source/publication evidence for preview і достатньої кількості permitted training rows; market-submission receipts залишаються окремою execution-ready вимогою. Тому DT використовується для перевірки майбутньої архітектурної можливості, а не для headline result.",supported,strong multilingual semantic match in cited source candidate
59,43,Hugging Face. Decision Transformer model documentation. https://huggingface.co/docs/transformers/model_doc/decision_transformer,analysis_outputs\thesis_similarity\final_2026-06-08_deep\downloaded_web_sources\source_43_1_75cb21d0e6.txt | docs\thesis\sources\huggingface-decision-transformer-docs.md,0.5954,docs\thesis\sources\huggingface-decision-transformer-docs.md,1,that makes decision transformer a future offline research primitive for bess dispatch trajectories not a current live controller claim boundary include as implementation reference for a future offline dt candidate do not cite as evidence that the current project has a deployed decision transformer controller do not use it to weaken the frozen strict_similar_day' lp oracle promotion gate,"Decision Transformer є привабливим напрямом для sequence-policy tasks, бо він може моделювати дії на return-to-go та історію станів. Chen et al. (2021) формулюють Decision Transformer як return-conditioned sequence modeling для offline reinforcement learning [20]. Bhargava et al. (2023) додатково показують, що переваги DT залежать від якості, обсягу й структури offline trajectories [21]. Практичну implementation reference для майбутніх експериментів дає офіційна документація Hugging Face Transformers [43]. У поточній роботі DT має тільки research-shadow статус. V13 source-readiness gate не дозволяє трактувати DT або LAVA як production-ready, доки немає explicit OREE DAM/IDM source/publication evidence for preview і достатньої кількості permitted training rows; market-submission receipts залишаються окремою execution-ready вимогою. Тому DT використовується для перевірки майбутньої архітектурної можливості, а не для headline result.",partially-supported,topical/source match present; exact claim scope should be human spot-checked for grouped or broad citations
60,44,ENTSO-E Transparency Platform. Electricity Market Transparency. https://www.entsoe.eu/data/transparency-platform/,analysis_outputs\thesis_similarity\final_2026-06-08_deep\downloaded_web_sources\source_44_1_13c967d756.txt,0.5780,analysis_outputs\thesis_similarity\final_2026-06-08_deep\downloaded_web_sources\source_44_1_13c967d756.txt,1,future and further facilitates the development of efficient and competitive energy markets across europe such developments support the steady evolution of electricity markets across europe in terms of integration competition the entso-e transparency platform in accordance with regulation 543 2013 the entso-e transparency platform was launched on 5 january 2015 entso-e also published the manual of procedures which provides information necessary to submit or extract data to or from the platform fo,"M/IDM source/publication evidence потрібна для сильніших source-readiness claims; market-submission receipts залишаються окремими для execution contour. EU/Poland/ENTSO-E контексти можуть бути корисними як governance або shadow lanes, але вони не перетворюються автоматично на українські training targets. Такий підхід спирається на офіційні джерела про дані й ринкову інтеграцію: ENTSO-E Transparency Platform, OPSD, Nord Pool, Ember, ACER, European Commission і Ukrainian market/operator sources [44], [45], [46], [47], [48], [1], [2], [3], [4], [8]. Для forecast layer зовнішні ряди можуть бути корисними як exogenous covariates, але лише після licensing, timezone/DST, currency, market-rule, publication-time availability і domain-shift checks. Роботи Li and Becker (2021), Redhu and Bremdal (2023) та Mascarenhas et al. (2025) підтримують ідею neighboring-zone або cross-border features для EPF, а документація Nixtla пояснює технічну підтримку exogenous variables у NeuralForecast/NBEATSx [49], [50], [51], [52]. Погодні ознаки також потребують явного source contract: для цього релевантні документації Open-Meteo Forecast API та Historical Weather API, але ці джерела не скасовують вимоги пере",partially-supported,topical/source match present; exact claim scope should be human spot-checked for grouped or broad citations
61,45,Open Power System Data. Open European power-system data platform. https://open-power-system-data.org/,analysis_outputs\thesis_similarity\final_2026-06-08_deep\downloaded_web_sources\source_45_1_5745569c31.txt,0.4144,analysis_outputs\thesis_similarity\final_2026-06-08_deep\downloaded_web_sources\source_45_1_5745569c31.txt,1,open power system data a platform for open data of the european power system about background and history it approach step-by-step user guide legal context publications contribute data packages overview conventional power plants national generation capacity renewable power plants time series weather data contributed household data contributed wind solar profiles contributed when2heat team lion hirth neon jonathan m hlenpfordt neon ingmar schlecht neon juliane reimann neon jens weibezahn tu berli,"source/publication evidence потрібна для сильніших source-readiness claims; market-submission receipts залишаються окремими для execution contour. EU/Poland/ENTSO-E контексти можуть бути корисними як governance або shadow lanes, але вони не перетворюються автоматично на українські training targets. Такий підхід спирається на офіційні джерела про дані й ринкову інтеграцію: ENTSO-E Transparency Platform, OPSD, Nord Pool, Ember, ACER, European Commission і Ukrainian market/operator sources [44], [45], [46], [47], [48], [1], [2], [3], [4], [8]. Для forecast layer зовнішні ряди можуть бути корисними як exogenous covariates, але лише після licensing, timezone/DST, currency, market-rule, publication-time availability і domain-shift checks. Роботи Li and Becker (2021), Redhu and Bremdal (2023) та Mascarenhas et al. (2025) підтримують ідею neighboring-zone або cross-border features для EPF, а документація Nixtla пояснює технічну підтримку exogenous variables у NeuralForecast/NBEATSx [49], [50], [51], [52]. Погодні ознаки також потребують явного source contract: для цього релевантні документації Open-Meteo Forecast API та Historical Weather API, але ці джерела не скасовують вимоги перевіряти",needs-human,"low semantic match; broad/governance citation, landing page, or incomplete full text"
62,46,Open Power System Data. Time series data package. https://data.open-power-system-data.org/time_series/,analysis_outputs\thesis_similarity\final_2026-06-08_deep\downloaded_web_sources\source_46_1_c6c5d94956.txt,0.5014,analysis_outputs\thesis_similarity\final_2026-06-08_deep\downloaded_web_sources\source_46_1_c6c5d94956.txt,1,cet_cest_timestamp datetime fmt y- m- dt h m s z start of timeperiod in central european summer- time at_load_actual_entsoe_transparency number total load in austria in mw as published on entso-e transparency platform own calculation based on entso-e transparency at_load_forecast_entsoe_transparency number day-ahead load forecast in austria in mw as published on entso-e transparency platform own calculation based on entso-e transparency at_price_day_ahead number day-ahead spot price for austria ,"/publication evidence потрібна для сильніших source-readiness claims; market-submission receipts залишаються окремими для execution contour. EU/Poland/ENTSO-E контексти можуть бути корисними як governance або shadow lanes, але вони не перетворюються автоматично на українські training targets. Такий підхід спирається на офіційні джерела про дані й ринкову інтеграцію: ENTSO-E Transparency Platform, OPSD, Nord Pool, Ember, ACER, European Commission і Ukrainian market/operator sources [44], [45], [46], [47], [48], [1], [2], [3], [4], [8]. Для forecast layer зовнішні ряди можуть бути корисними як exogenous covariates, але лише після licensing, timezone/DST, currency, market-rule, publication-time availability і domain-shift checks. Роботи Li and Becker (2021), Redhu and Bremdal (2023) та Mascarenhas et al. (2025) підтримують ідею neighboring-zone або cross-border features для EPF, а документація Nixtla пояснює технічну підтримку exogenous variables у NeuralForecast/NBEATSx [49], [50], [51], [52]. Погодні ознаки також потребують явного source contract: для цього релевантні документації Open-Meteo Forecast API та Historical Weather API, але ці джерела не скасовують вимоги перевіряти avail",partially-supported,topical/source match present; exact claim scope should be human spot-checked for grouped or broad citations
63,47,Nord Pool. Data Portal and market-data services. https://www.nordpoolgroup.com/en/services/power-market-data-services/dataportalregistration/,analysis_outputs\thesis_similarity\final_2026-06-08_deep\downloaded_web_sources\source_47_1_417a6a05e8.txt,0.5533,analysis_outputs\thesis_similarity\final_2026-06-08_deep\downloaded_web_sources\source_47_1_417a6a05e8.txt,1,affairs communication marketing legal regulatory market coupling operation product development innovation nordic baltic uk western central europe board of directors careers history terms and conditions for use of website esg product offerings the norwegian transparency act social governance contact us oslo norway stockholm sweden espoo finland london uk berlin germany vilnius lithuania data portal power data services day-ahead auctions intraday auctions intraday continuous data portal electricit,"cation evidence потрібна для сильніших source-readiness claims; market-submission receipts залишаються окремими для execution contour. EU/Poland/ENTSO-E контексти можуть бути корисними як governance або shadow lanes, але вони не перетворюються автоматично на українські training targets. Такий підхід спирається на офіційні джерела про дані й ринкову інтеграцію: ENTSO-E Transparency Platform, OPSD, Nord Pool, Ember, ACER, European Commission і Ukrainian market/operator sources [44], [45], [46], [47], [48], [1], [2], [3], [4], [8]. Для forecast layer зовнішні ряди можуть бути корисними як exogenous covariates, але лише після licensing, timezone/DST, currency, market-rule, publication-time availability і domain-shift checks. Роботи Li and Becker (2021), Redhu and Bremdal (2023) та Mascarenhas et al. (2025) підтримують ідею neighboring-zone або cross-border features для EPF, а документація Nixtla пояснює технічну підтримку exogenous variables у NeuralForecast/NBEATSx [49], [50], [51], [52]. Погодні ознаки також потребують явного source contract: для цього релевантні документації Open-Meteo Forecast API та Historical Weather API, але ці джерела не скасовують вимоги перевіряти availabilit",partially-supported,topical/source match present; exact claim scope should be human spot-checked for grouped or broad citations
64,48,Ember. API for open electricity data. https://ember-energy.org/data/api,analysis_outputs\thesis_similarity\final_2026-06-08_deep\downloaded_web_sources\source_48_1_e61567464d.txt,0.3094,analysis_outputs\thesis_similarity\final_2026-06-08_deep\downloaded_web_sources\source_48_1_e61567464d.txt,1,focus areas data electricity data explorer data tools datasets latest insights updates about careers contact us privacy policy creative commons built by 89up ember is an energy think tank that aims to accelerate the clean energy transition with data and policy ember is the trading name of ember energy research cic a community interest company registered in england wales 06714443 ember' is a trademark held at the united kingdom and european union intellectual property offices all content is relea," evidence потрібна для сильніших source-readiness claims; market-submission receipts залишаються окремими для execution contour. EU/Poland/ENTSO-E контексти можуть бути корисними як governance або shadow lanes, але вони не перетворюються автоматично на українські training targets. Такий підхід спирається на офіційні джерела про дані й ринкову інтеграцію: ENTSO-E Transparency Platform, OPSD, Nord Pool, Ember, ACER, European Commission і Ukrainian market/operator sources [44], [45], [46], [47], [48], [1], [2], [3], [4], [8]. Для forecast layer зовнішні ряди можуть бути корисними як exogenous covariates, але лише після licensing, timezone/DST, currency, market-rule, publication-time availability і domain-shift checks. Роботи Li and Becker (2021), Redhu and Bremdal (2023) та Mascarenhas et al. (2025) підтримують ідею neighboring-zone або cross-border features для EPF, а документація Nixtla пояснює технічну підтримку exogenous variables у NeuralForecast/NBEATSx [49], [50], [51], [52]. Погодні ознаки також потребують явного source contract: для цього релевантні документації Open-Meteo Forecast API та Historical Weather API, але ці джерела не скасовують вимоги перевіряти availability timi",needs-human,"low semantic match; broad/governance citation, landing page, or incomplete full text"
65,1,European Commission. Electricity market design. https://energy.ec.europa.eu/topics/markets-and-consumers/electricity-market-design_en,analysis_outputs\thesis_similarity\final_2026-06-08_deep\downloaded_web_sources\source_01_1_3fd4348cc9.txt,0.4984,analysis_outputs\thesis_similarity\final_2026-06-08_deep\downloaded_web_sources\source_01_1_3fd4348cc9.txt,1,natural gas the agency's tasks include among others the coordination of actions of national energy regulators at european level including taking binding decisions in case national regulators cannot agree the development of common network and market rules the participation in regional and cross-regional initiatives the monitoring of market activities including supervision to combat market manipulation to the detriment of other market participants and consumers or advice to the eu institutions on ,"nce потрібна для сильніших source-readiness claims; market-submission receipts залишаються окремими для execution contour. EU/Poland/ENTSO-E контексти можуть бути корисними як governance або shadow lanes, але вони не перетворюються автоматично на українські training targets. Такий підхід спирається на офіційні джерела про дані й ринкову інтеграцію: ENTSO-E Transparency Platform, OPSD, Nord Pool, Ember, ACER, European Commission і Ukrainian market/operator sources [44], [45], [46], [47], [48], [1], [2], [3], [4], [8]. Для forecast layer зовнішні ряди можуть бути корисними як exogenous covariates, але лише після licensing, timezone/DST, currency, market-rule, publication-time availability і domain-shift checks. Роботи Li and Becker (2021), Redhu and Bremdal (2023) та Mascarenhas et al. (2025) підтримують ідею neighboring-zone або cross-border features для EPF, а документація Nixtla пояснює технічну підтримку exogenous variables у NeuralForecast/NBEATSx [49], [50], [51], [52]. Погодні ознаки також потребують явного source contract: для цього релевантні документації Open-Meteo Forecast API та Historical Weather API, але ці джерела не скасовують вимоги перевіряти availability timing і l",partially-supported,topical/source match present; exact claim scope should be human spot-checked for grouped or broad citations
66,2,European Commission. EU electricity trading in the day-ahead markets becomes more dynamic. https://energy.ec.europa.eu/news/eu-electricity-trading-day-ahead-markets-becomes-more-dynamic-2025-10-01_en,analysis_outputs\thesis_similarity\final_2026-06-08_deep\downloaded_web_sources\source_02_1_4ca667995a.txt,0.5107,analysis_outputs\thesis_similarity\final_2026-06-08_deep\downloaded_web_sources\source_02_1_4ca667995a.txt,1,eu electricity trading in the day-ahead markets becomes more dynamic european commission skip to main content en select your language close bg български es espa ol cs e tina da dansk de deutsch et eesti el en english fr fran ais ga gaeilge hr hrvatski it italiano lv latvie u lt lietuvi hu magyar mt malti nl nederlands pl polski pt portugu s ro rom n sk sloven ina sl sloven ina fi suomi sv svenska search search energy climate change environment energy menu close menu back previous items next item,"отрібна для сильніших source-readiness claims; market-submission receipts залишаються окремими для execution contour. EU/Poland/ENTSO-E контексти можуть бути корисними як governance або shadow lanes, але вони не перетворюються автоматично на українські training targets. Такий підхід спирається на офіційні джерела про дані й ринкову інтеграцію: ENTSO-E Transparency Platform, OPSD, Nord Pool, Ember, ACER, European Commission і Ukrainian market/operator sources [44], [45], [46], [47], [48], [1], [2], [3], [4], [8]. Для forecast layer зовнішні ряди можуть бути корисними як exogenous covariates, але лише після licensing, timezone/DST, currency, market-rule, publication-time availability і domain-shift checks. Роботи Li and Becker (2021), Redhu and Bremdal (2023) та Mascarenhas et al. (2025) підтримують ідею neighboring-zone або cross-border features для EPF, а документація Nixtla пояснює технічну підтримку exogenous variables у NeuralForecast/NBEATSx [49], [50], [51], [52]. Погодні ознаки також потребують явного source contract: для цього релевантні документації Open-Meteo Forecast API та Historical Weather API, але ці джерела не скасовують вимоги перевіряти availability timing і leakag",partially-supported,topical/source match present; exact claim scope should be human spot-checked for grouped or broad citations
67,3,"NEURC. Resolution No. 621 of 23 April 2026 on price caps for the day-ahead, intraday, and balancing markets. https://www.nerc.gov.ua/acts/pro-hranychni-tsiny-na-rynku-na-dobu-napered-vnutrishnodobovomu-rynku-ta-balansuiuchomu-rynku",analysis_outputs\thesis_similarity\final_2026-06-08_deep\downloaded_web_sources\source_03_1_f73dff7176.txt,0.5526,analysis_outputs\thesis_similarity\final_2026-06-08_deep\downloaded_web_sources\source_03_1_f73dff7176.txt,1,про граничні ціни на ринку на добу наперед внутрішньодобовому ринку та балансуючому ринку національна комісія що здійснює державне регулювання у сферах енергетики та комунальних послуг перейти до основної сторінки gov ua державні сайти україни меню про нкрекп про нкрекп про нкрекп закон про нкрекп стратегія нкрекп діяльність нкрекп основні завдання та функції міжнародне співробітництво структура регламент розклад роботи державна служба правила внутрішнього розпорядку діяльність нкрекп з підготов,"на для сильніших source-readiness claims; market-submission receipts залишаються окремими для execution contour. EU/Poland/ENTSO-E контексти можуть бути корисними як governance або shadow lanes, але вони не перетворюються автоматично на українські training targets. Такий підхід спирається на офіційні джерела про дані й ринкову інтеграцію: ENTSO-E Transparency Platform, OPSD, Nord Pool, Ember, ACER, European Commission і Ukrainian market/operator sources [44], [45], [46], [47], [48], [1], [2], [3], [4], [8]. Для forecast layer зовнішні ряди можуть бути корисними як exogenous covariates, але лише після licensing, timezone/DST, currency, market-rule, publication-time availability і domain-shift checks. Роботи Li and Becker (2021), Redhu and Bremdal (2023) та Mascarenhas et al. (2025) підтримують ідею neighboring-zone або cross-border features для EPF, а документація Nixtla пояснює технічну підтримку exogenous variables у NeuralForecast/NBEATSx [49], [50], [51], [52]. Погодні ознаки також потребують явного source contract: для цього релевантні документації Open-Meteo Forecast API та Historical Weather API, але ці джерела не скасовують вимоги перевіряти availability timing і leakage ris",partially-supported,topical/source match present; exact claim scope should be human spot-checked for grouped or broad citations
68,4,JSC Market Operator. The Market Operator tariff for 2026 amounts to UAH 6.88 per MWh. https://www.oree.com.ua/index.php/newsctr/n/30795?lang=english,analysis_outputs\thesis_similarity\final_2026-06-08_deep\downloaded_web_sources\source_04_1_6a87e28324.txt,0.4509,analysis_outputs\thesis_similarity\final_2026-06-08_deep\downloaded_web_sources\source_04_1_6a87e28324.txt,1,of electrical energy insider information platform data transfer administrator platform analytical services contacts entso-e dictionary president of ukraine ministry of energy neurc european business association nominated electricity market operators 2026 jsc market operator all rights reserved privacy policy cookie policy warning you will be redirected to the website transparency platform entso-e sc market operator is not responsible for the further content of the website cancel confirm warning ,"я сильніших source-readiness claims; market-submission receipts залишаються окремими для execution contour. EU/Poland/ENTSO-E контексти можуть бути корисними як governance або shadow lanes, але вони не перетворюються автоматично на українські training targets. Такий підхід спирається на офіційні джерела про дані й ринкову інтеграцію: ENTSO-E Transparency Platform, OPSD, Nord Pool, Ember, ACER, European Commission і Ukrainian market/operator sources [44], [45], [46], [47], [48], [1], [2], [3], [4], [8]. Для forecast layer зовнішні ряди можуть бути корисними як exogenous covariates, але лише після licensing, timezone/DST, currency, market-rule, publication-time availability і domain-shift checks. Роботи Li and Becker (2021), Redhu and Bremdal (2023) та Mascarenhas et al. (2025) підтримують ідею neighboring-zone або cross-border features для EPF, а документація Nixtla пояснює технічну підтримку exogenous variables у NeuralForecast/NBEATSx [49], [50], [51], [52]. Погодні ознаки також потребують явного source contract: для цього релевантні документації Open-Meteo Forecast API та Historical Weather API, але ці джерела не скасовують вимоги перевіряти availability timing і leakage risk [53",partially-supported,topical/source match present; exact claim scope should be human spot-checked for grouped or broad citations
69,8,ACER. ACER will decide on the electricity market coupling integration plan for the Energy Community. https://www.acer.europa.eu/news/acer-will-decide-electricity-market-coupling-integration-plan-energy-community,analysis_outputs\thesis_similarity\final_2026-06-08_deep\downloaded_web_sources\source_08_1_8a2a2b888b.txt,0.4321,analysis_outputs\thesis_similarity\final_2026-06-08_deep\downloaded_web_sources\source_08_1_8a2a2b888b.txt,1,tools interconnection agreement monitoring congestion management capacity allocation balancing tariffs interoperability and data exchange gas regional initiatives gas regional work plans baltic regional gas market coordination group south gas regional initiatives south south-east gas regional initiatives gas regional initiatives archive infrastructure infrastructure network development plans ten-e infrastructure reference costs pci monitoring pci selection cost-benefit analysis and interlinked m,"ьніших source-readiness claims; market-submission receipts залишаються окремими для execution contour. EU/Poland/ENTSO-E контексти можуть бути корисними як governance або shadow lanes, але вони не перетворюються автоматично на українські training targets. Такий підхід спирається на офіційні джерела про дані й ринкову інтеграцію: ENTSO-E Transparency Platform, OPSD, Nord Pool, Ember, ACER, European Commission і Ukrainian market/operator sources [44], [45], [46], [47], [48], [1], [2], [3], [4], [8]. Для forecast layer зовнішні ряди можуть бути корисними як exogenous covariates, але лише після licensing, timezone/DST, currency, market-rule, publication-time availability і domain-shift checks. Роботи Li and Becker (2021), Redhu and Bremdal (2023) та Mascarenhas et al. (2025) підтримують ідею neighboring-zone або cross-border features для EPF, а документація Nixtla пояснює технічну підтримку exogenous variables у NeuralForecast/NBEATSx [49], [50], [51], [52]. Погодні ознаки також потребують явного source contract: для цього релевантні документації Open-Meteo Forecast API та Historical Weather API, але ці джерела не скасовують вимоги перевіряти availability timing і leakage risk [53], [5",needs-human,"low semantic match; broad/governance citation, landing page, or incomplete full text"
70,49,Li and Becker. Day-ahead electricity price prediction applying hybrid models of LSTM-based deep learning methods and feature selection algorithms under consideration of market coupling. arXiv:2101.05249. https://arxiv.org/abs/2101.05249,analysis_outputs\thesis_similarity\final_2026-06-08_deep\downloaded_web_sources\source_49_1_ba37f3563b.txt | docs\sources\market-coupling-exogenous-feature-interface-source-capture-2026-05-12.md,0.6580,docs\sources\market-coupling-exogenous-feature-interface-source-capture-2026-05-12.md,1,records model license linkage and keeps pricefm as future external-validation context only academic sources source doi url finding used li and becker day-ahead epf under market coupling coupled-market features can affect price prediction feature selection matters redhu and bremdal neighboring-zone day-ahead forecasting doi 10 1109 powertech55446 2023 10202771 neighboring zonal prices can be useful when cross-border connections create price covariance mascarenhas et al asynchronous cross-border m," [44], [45], [46], [47], [48], [1], [2], [3], [4], [8]. Для forecast layer зовнішні ряди можуть бути корисними як exogenous covariates, але лише після licensing, timezone/DST, currency, market-rule, publication-time availability і domain-shift checks. Роботи Li and Becker (2021), Redhu and Bremdal (2023) та Mascarenhas et al. (2025) підтримують ідею neighboring-zone або cross-border features для EPF, а документація Nixtla пояснює технічну підтримку exogenous variables у NeuralForecast/NBEATSx [49], [50], [51], [52]. Погодні ознаки також потребують явного source contract: для цього релевантні документації Open-Meteo Forecast API та Historical Weather API, але ці джерела не скасовують вимоги перевіряти availability timing і leakage risk [53], [54].",supported,strong multilingual semantic match in cited source candidate
71,50,Redhu and Bremdal. Day-Ahead Zonal Electricity Price Forecasting using 1D-LSTM with Neighbouring Zones Data. DOI: 10.1109/PowerTech55446.2023.10202771. https://doi.org/10.1109/PowerTech55446.2023.10202771,analysis_outputs\thesis_similarity\final_2026-06-08_deep\downloaded_web_sources\source_50_1_d0099a5327.txt,0.4338,analysis_outputs\thesis_similarity\final_2026-06-08_deep\downloaded_web_sources\source_50_1_d0099a5327.txt,1,day-ahead zonal electricity price forecasting using 1d-lstm with neighbouring zones data ieee conference publication ieee xplore ieee account change username password update address purchase details payment options order history view purchased documents profile information communications preferences profession and education technical interests need help us canada 1 800 678 4333 worldwide 1 732 981 0060 contact support about ieee xplore contact us help accessibility terms of use nondiscrimination," [45], [46], [47], [48], [1], [2], [3], [4], [8]. Для forecast layer зовнішні ряди можуть бути корисними як exogenous covariates, але лише після licensing, timezone/DST, currency, market-rule, publication-time availability і domain-shift checks. Роботи Li and Becker (2021), Redhu and Bremdal (2023) та Mascarenhas et al. (2025) підтримують ідею neighboring-zone або cross-border features для EPF, а документація Nixtla пояснює технічну підтримку exogenous variables у NeuralForecast/NBEATSx [49], [50], [51], [52]. Погодні ознаки також потребують явного source contract: для цього релевантні документації Open-Meteo Forecast API та Historical Weather API, але ці джерела не скасовують вимоги перевіряти availability timing і leakage risk [53], [54].",needs-human,"low semantic match; broad/governance citation, landing page, or incomplete full text"
72,51,Mascarenhas et al. Leveraging Asynchronous Cross-border Market Data for Improved Day-Ahead Electricity Price Forecasting in European Markets. arXiv:2507.13250. https://arxiv.org/abs/2507.13250,analysis_outputs\thesis_similarity\final_2026-06-08_deep\downloaded_web_sources\source_51_1_e5a18f5e3a.txt,0.6062,analysis_outputs\thesis_similarity\final_2026-06-08_deep\downloaded_web_sources\source_51_1_e5a18f5e3a.txt,1,accuracy in other markets with later gcts using a state-of-the-art ensemble of models we show significant improvements of 22 and 9 in forecast accuracy in the belgian be and swedish bidding zones se3 respectively when including price data from interconnected markets with earlier gct germany-luxembourg austria and switzerland this improvement holds for both general as well as extreme market conditions our analysis also yields further important insights frequent model recalibration is necessary fo," [46], [47], [48], [1], [2], [3], [4], [8]. Для forecast layer зовнішні ряди можуть бути корисними як exogenous covariates, але лише після licensing, timezone/DST, currency, market-rule, publication-time availability і domain-shift checks. Роботи Li and Becker (2021), Redhu and Bremdal (2023) та Mascarenhas et al. (2025) підтримують ідею neighboring-zone або cross-border features для EPF, а документація Nixtla пояснює технічну підтримку exogenous variables у NeuralForecast/NBEATSx [49], [50], [51], [52]. Погодні ознаки також потребують явного source contract: для цього релевантні документації Open-Meteo Forecast API та Historical Weather API, але ці джерела не скасовують вимоги перевіряти availability timing і leakage risk [53], [54].",partially-supported,topical/source match present; exact claim scope should be human spot-checked for grouped or broad citations
73,52,Nixtla. NeuralForecast exogenous variables and NBEATSx documentation. https://nixtlaverse.nixtla.io/neuralforecast/docs/capabilities/exogenous_variables.html and https://nixtlaverse.nixtla.io/neuralforecast/models.nbeatsx.html,analysis_outputs\thesis_similarity\final_2026-06-08_deep\downloaded_web_sources\source_52_1_a57eaa6231.txt | analysis_outputs\thesis_similarity\final_2026-06-08_deep\downloaded_web_sources\source_52_2_dceeb4ebdb.txt | docs\sources\nixtla-neuralforecast-nbeatsx-source-capture-2026-05-11.md,0.6592,docs\sources\nixtla-neuralforecast-nbeatsx-source-capture-2026-05-11.md,1,forecasting not merely a generic neural baseline exogenous variables must be separated by temporal availability future-known calendar weather forecast declared market-rule changes historic-only observed load observed prices realized weather and event indicators static tenant market location bess configuration the exogenous-variable guide explicitly warns that misclassifying historic variables as future variables causes leakage this supports the current afe afl feature-contract hardening cross-va," [47], [48], [1], [2], [3], [4], [8]. Для forecast layer зовнішні ряди можуть бути корисними як exogenous covariates, але лише після licensing, timezone/DST, currency, market-rule, publication-time availability і domain-shift checks. Роботи Li and Becker (2021), Redhu and Bremdal (2023) та Mascarenhas et al. (2025) підтримують ідею neighboring-zone або cross-border features для EPF, а документація Nixtla пояснює технічну підтримку exogenous variables у NeuralForecast/NBEATSx [49], [50], [51], [52]. Погодні ознаки також потребують явного source contract: для цього релевантні документації Open-Meteo Forecast API та Historical Weather API, але ці джерела не скасовують вимоги перевіряти availability timing і leakage risk [53], [54].",supported,strong multilingual semantic match in cited source candidate
74,53,Open-Meteo. Forecast API documentation. https://open-meteo.com/en/docs,analysis_outputs\thesis_similarity\final_2026-06-08_deep\downloaded_web_sources\source_53_1_1307bc6343.txt,0.5683,analysis_outputs\thesis_similarity\final_2026-06-08_deep\downloaded_web_sources\source_53_1_1307bc6343.txt,1,docs open-meteo com open-meteo home features pricing api docs github x toggle theme weather forecast api seamless integration of high-resolution weather models with up 16 days forecast weather forecast weather forecast dwd germany noaa u s m t o-france ecmwf uk met office kma korea jma japan meteoswiss met norway gem canada bom australia cma china knmi netherlands dmi denmark italiameteo geosphere austria historical weather historical forecast single runs previous model runs ensemble models ense,"cks. Роботи Li and Becker (2021), Redhu and Bremdal (2023) та Mascarenhas et al. (2025) підтримують ідею neighboring-zone або cross-border features для EPF, а документація Nixtla пояснює технічну підтримку exogenous variables у NeuralForecast/NBEATSx [49], [50], [51], [52]. Погодні ознаки також потребують явного source contract: для цього релевантні документації Open-Meteo Forecast API та Historical Weather API, але ці джерела не скасовують вимоги перевіряти availability timing і leakage risk [53], [54].",partially-supported,topical/source match present; exact claim scope should be human spot-checked for grouped or broad citations
75,54,Open-Meteo. Historical Weather API documentation. https://open-meteo.com/en/docs/historical-weather-api,analysis_outputs\thesis_similarity\final_2026-06-08_deep\downloaded_web_sources\source_54_1_3f1a6dee8c.txt,0.6331,analysis_outputs\thesis_similarity\final_2026-06-08_deep\downloaded_web_sources\source_54_1_3f1a6dee8c.txt,1,border-secondary-foreground 25 data- slot alert-description text-secondary-foreground svg text-current 75 mb-4 role alert gap-free and consistent historical weather data using weather reanalysis from era5 0 25 from 1940 and era5-land 0 1 from 1950 and ecmwf ifs 9 km from 2017 for data that matches the live forecast api format exactly use the historical forecast api to access the full forecast horizon of individual model runs use the single runs api to analyse forecast accuracy at fixed lead time,"оботи Li and Becker (2021), Redhu and Bremdal (2023) та Mascarenhas et al. (2025) підтримують ідею neighboring-zone або cross-border features для EPF, а документація Nixtla пояснює технічну підтримку exogenous variables у NeuralForecast/NBEATSx [49], [50], [51], [52]. Погодні ознаки також потребують явного source contract: для цього релевантні документації Open-Meteo Forecast API та Historical Weather API, але ці джерела не скасовують вимоги перевіряти availability timing і leakage risk [53], [54].",supported,strong multilingual semantic match in cited source candidate
76,55,Dagster. Software-defined assets documentation. https://docs.dagster.io/guides/build/assets,analysis_outputs\thesis_similarity\final_2026-06-08_deep\downloaded_web_sources\source_55_1_cf990e495a.txt,0.5206,analysis_outputs\thesis_similarity\final_2026-06-08_deep\downloaded_web_sources\source_55_1_cf990e495a.txt,1,subset of asset checks unit testing assets and ops testing partitioned config and jobs data contracts with asset checks labs dagster+ ai issues connections webhooks labs about community contributing code contributing documentation dagster telemetry releases changelog data portability build assets on this page assets an asset is an object in persistent storage such as a table file or persisted machine learning model an asset definition is a description in code of an asset that should exist and ho,"У прикладній роботі академічна якість залежить не лише від вибору моделі, а й від відтворюваності evidence pipeline. Dagster software-defined assets підтримують materialization, lineage і asset checks [55]. MLflow tracking використовується як джерело експериментальних run records і метрик [56]. FastAPI дає read-model surface для операторського preview, а не execution endpoint [57]. Pydantic strict mode підтримує deterministic validation і boundary discipline [58]. Medallion architecture використовується як термінологічна основа для Bronze/Silver/Gold data layers [59]. Governance-контекст також включає AI Act regulatory framework як загальну рамку для data quality, human oversight, logging і risk management [60]. У роботі ці джерела не доводять market readiness, але підтримують engineering design: результати мають бути перевіреними, відтворюваними й явно обмеженими.",partially-supported,topical/source match present; exact claim scope should be human spot-checked for grouped or broad citations
77,56,MLflow. Tracking documentation. https://mlflow.org/docs/latest/ml/tracking/,analysis_outputs\thesis_similarity\final_2026-06-08_deep\downloaded_web_sources\source_56_1_0c89e8ef74.txt,0.5927,analysis_outputs\thesis_similarity\final_2026-06-08_deep\downloaded_web_sources\source_56_1_0c89e8ef74.txt,1,sample_input log metrics linked to this specific model checkpoint accuracy evaluate_model model validation_data mlflow log_metric key accuracy value accuracy step epoch model_id model_info model_id link metric to specific model dataset validation_dataset linking metrics to models and datasets mlflow 3 allows you to link metrics to specific model checkpoints and datasets providing better traceability of model performance python create a dataset reference train_dataset mlflow data from_pandas trai,"У прикладній роботі академічна якість залежить не лише від вибору моделі, а й від відтворюваності evidence pipeline. Dagster software-defined assets підтримують materialization, lineage і asset checks [55]. MLflow tracking використовується як джерело експериментальних run records і метрик [56]. FastAPI дає read-model surface для операторського preview, а не execution endpoint [57]. Pydantic strict mode підтримує deterministic validation і boundary discipline [58]. Medallion architecture використовується як термінологічна основа для Bronze/Silver/Gold data layers [59]. Governance-контекст також включає AI Act regulatory framework як загальну рамку для data quality, human oversight, logging і risk management [60]. У роботі ці джерела не доводять market readiness, але підтримують engineering design: результати мають бути перевіреними, відтворюваними й явно обмеженими.",partially-supported,topical/source match present; exact claim scope should be human spot-checked for grouped or broad citations
78,57,FastAPI. FastAPI documentation. https://fastapi.tiangolo.com/,analysis_outputs\thesis_similarity\final_2026-06-08_deep\downloaded_web_sources\source_57_1_ce701bd729.txt,0.5571,analysis_outputs\thesis_similarity\final_2026-06-08_deep\downloaded_web_sources\source_57_1_ce701bd729.txt,1,learn less time reading docs short minimize code duplication multiple features from each parameter declaration fewer bugs robust get production-ready code with automatic interactive documentation standards-based based on and fully compatible with the open standards for apis openapi previously known as swagger and json schema estimation based on tests conducted by an internal development team building production applications sponsors keystone sponsor gold sponsors silver sponsors other sponsors o,"У прикладній роботі академічна якість залежить не лише від вибору моделі, а й від відтворюваності evidence pipeline. Dagster software-defined assets підтримують materialization, lineage і asset checks [55]. MLflow tracking використовується як джерело експериментальних run records і метрик [56]. FastAPI дає read-model surface для операторського preview, а не execution endpoint [57]. Pydantic strict mode підтримує deterministic validation і boundary discipline [58]. Medallion architecture використовується як термінологічна основа для Bronze/Silver/Gold data layers [59]. Governance-контекст також включає AI Act regulatory framework як загальну рамку для data quality, human oversight, logging і risk management [60]. У роботі ці джерела не доводять market readiness, але підтримують engineering design: результати мають бути перевіреними, відтворюваними й явно обмеженими.",partially-supported,topical/source match present; exact claim scope should be human spot-checked for grouped or broad citations
79,58,Pydantic. Strict mode documentation. https://docs.pydantic.dev/latest/concepts/strict_mode/,analysis_outputs\thesis_similarity\final_2026-06-08_deep\downloaded_web_sources\source_58_1_f6a74101af.txt,0.4697,analysis_outputs\thesis_similarity\final_2026-06-08_deep\downloaded_web_sources\source_58_1_f6a74101af.txt,1,v2 4 version v2 3 version v2 2 version v2 1 version v2 0 version v1 10 on this page overview as a validation parameter at the field level using the strict metadata class as a configuration value on this page overview as a validation parameter at the field level using the strict metadata class as a configuration value strict mode api documentation pydantic types strict by default pydantic will attempt to coerce values to the desired type when possible for example you can pass the string 123' as t,"У прикладній роботі академічна якість залежить не лише від вибору моделі, а й від відтворюваності evidence pipeline. Dagster software-defined assets підтримують materialization, lineage і asset checks [55]. MLflow tracking використовується як джерело експериментальних run records і метрик [56]. FastAPI дає read-model surface для операторського preview, а не execution endpoint [57]. Pydantic strict mode підтримує deterministic validation і boundary discipline [58]. Medallion architecture використовується як термінологічна основа для Bronze/Silver/Gold data layers [59]. Governance-контекст також включає AI Act regulatory framework як загальну рамку для data quality, human oversight, logging і risk management [60]. У роботі ці джерела не доводять market readiness, але підтримують engineering design: результати мають бути перевіреними, відтворюваними й явно обмеженими.",partially-supported,topical/source match present; exact claim scope should be human spot-checked for grouped or broad citations
80,59,Databricks. What is the medallion lakehouse architecture? https://docs.databricks.com/aws/en/lakehouse/medallion,analysis_outputs\thesis_similarity\final_2026-06-08_deep\downloaded_web_sources\source_59_1_bc63329026.txt,0.5162,analysis_outputs\thesis_similarity\final_2026-06-08_deep\downloaded_web_sources\source_59_1_bc63329026.txt,1,for business intelligence and machine learning applications following the medallion architecture is a recommended best practice but not a requirement question bronze silver gold what happens in this layer raw data ingestion data cleaning and validation dimensional modeling and aggregation who is the intended user data engineers data operations compliance and audit teams data engineers data analysts use the silver layer for a more refined dataset that still retains detailed information necessary ,"У прикладній роботі академічна якість залежить не лише від вибору моделі, а й від відтворюваності evidence pipeline. Dagster software-defined assets підтримують materialization, lineage і asset checks [55]. MLflow tracking використовується як джерело експериментальних run records і метрик [56]. FastAPI дає read-model surface для операторського preview, а не execution endpoint [57]. Pydantic strict mode підтримує deterministic validation і boundary discipline [58]. Medallion architecture використовується як термінологічна основа для Bronze/Silver/Gold data layers [59]. Governance-контекст також включає AI Act regulatory framework як загальну рамку для data quality, human oversight, logging і risk management [60]. У роботі ці джерела не доводять market readiness, але підтримують engineering design: результати мають бути перевіреними, відтворюваними й явно обмеженими.",partially-supported,topical/source match present; exact claim scope should be human spot-checked for grouped or broad citations
81,60,European Commission. AI Act regulatory framework. https://digital-strategy.ec.europa.eu/en/policies/regulatory-framework-ai,analysis_outputs\thesis_similarity\final_2026-06-08_deep\downloaded_web_sources\source_60_1_40bdc44a19.txt,0.5834,analysis_outputs\thesis_similarity\final_2026-06-08_deep\downloaded_web_sources\source_60_1_40bdc44a19.txt,1,under the ai act related to transparency copyright and safety security the template for the public summary of training content of gpai models requires providers to give an overview of the data used to train their models this includes the sources from which the data was obtained comprising large datasets and top domain names the template also requests information about data processing aspects to enable parties with legitimate interests to exercise their rights under eu law these tools are designe,"У прикладній роботі академічна якість залежить не лише від вибору моделі, а й від відтворюваності evidence pipeline. Dagster software-defined assets підтримують materialization, lineage і asset checks [55]. MLflow tracking використовується як джерело експериментальних run records і метрик [56]. FastAPI дає read-model surface для операторського preview, а не execution endpoint [57]. Pydantic strict mode підтримує deterministic validation і boundary discipline [58]. Medallion architecture використовується як термінологічна основа для Bronze/Silver/Gold data layers [59]. Governance-контекст також включає AI Act regulatory framework як загальну рамку для data quality, human oversight, logging і risk management [60]. У роботі ці джерела не доводять market readiness, але підтримують engineering design: результати мають бути перевіреними, відтворюваними й явно обмеженими.",partially-supported,topical/source match present; exact claim scope should be human spot-checked for grouped or broad citations
82,11,"Lago et al. Forecasting day-ahead electricity prices: A review of state-of-the-art algorithms, best practices and an open-access benchmark. DOI: 10.1016/j.apenergy.2021.116983. https://doi.org/10.1016/j.apenergy.2021.116983",docs\thesis\sources\2008.08004v2-electricity-price-forecasting-review-benchmark.pdf,0.5731,docs\thesis\sources\2008.08004v2-electricity-price-forecasting-review-benchmark.pdf,1,than the cost of running the forecasting model on a much more expensive com- puter hence when new forecasting models are proposed we argue that it is very important to provide their computa- tion times moreover we also argue that for a model to be better than the existing methods it does not necessarily have to be the most accurate one instead 1 if its computational time is large i e in the order of minutes the model should indeed be more accurate than all state-of-the-art models e g dnns 2 if i,"Forecast leaderboard зазвичай ранжує моделі за середньою помилкою. У storage arbitrage такий leaderboard може бути оманливий. Модель, що трохи краще передбачає середні години, може не давати кращого рішення, якщо вона помиляється в годинах з найбільшим arbitrage spread. Навпаки, модель із не ідеальним MAE може мати корисний порядок піків і провалів, якщо LP schedule використовує саме цей порядок. Тому decision-aware evaluation у роботі не є додатковою прикрасою. Вона є відповіддю на центральну слабкість forecast-only підходу, описану в EPF benchmarking, PTO і storage-specific DFL літературі (Lago et al., 2021 [11]; Elmachtoub and Grigas, 2022 [12]; Sang et al., 2022/2023 [13]). Regret/value оцінка відповідає на питання, яке реально важить для BESS owner: скільки економічної цінності втрачено відносно oracle і чи стало рішення кращим за conservative fallback.",partially-supported,topical/source match present; exact claim scope should be human spot-checked for grouped or broad citations
83,12,"Elmachtoub and Grigas. Smart ""Predict, then Optimize"". DOI: 10.1287/mnsc.2020.3922. https://doi.org/10.1287/mnsc.2020.3922","analysis_outputs\thesis_similarity\final_2026-06-08_deep\downloaded_web_sources\source_12_1_a33ebc2400_http_403.txt | docs\thesis\sources\1710.08005v5-Smart “Predict, then Optimize” Adam N. Elmachtoub.pdf",0.5725,"docs\thesis\sources\1710.08005v5-Smart “Predict, then Optimize” Adam N. Elmachtoub.pdf",1,our prediction model the structure of the nominal optimization problem is explicitl y used the quality of a prediction is not measured based on prediction error such as least squares los s or other popular loss functions instead in the spo framework the quality of a pr ediction is measured by the decision error that is suppose a prediction model is train ed using historical feature data x1 xn and associated parameter data c1 cn let c1 cn denote the predic- tions of the parameters under the train,"Forecast leaderboard зазвичай ранжує моделі за середньою помилкою. У storage arbitrage такий leaderboard може бути оманливий. Модель, що трохи краще передбачає середні години, може не давати кращого рішення, якщо вона помиляється в годинах з найбільшим arbitrage spread. Навпаки, модель із не ідеальним MAE може мати корисний порядок піків і провалів, якщо LP schedule використовує саме цей порядок. Тому decision-aware evaluation у роботі не є додатковою прикрасою. Вона є відповіддю на центральну слабкість forecast-only підходу, описану в EPF benchmarking, PTO і storage-specific DFL літературі (Lago et al., 2021 [11]; Elmachtoub and Grigas, 2022 [12]; Sang et al., 2022/2023 [13]). Regret/value оцінка відповідає на питання, яке реально важить для BESS owner: скільки економічної цінності втрачено відносно oracle і чи стало рішення кращим за conservative fallback.",partially-supported,topical/source match present; exact claim scope should be human spot-checked for grouped or broad citations
84,13,Sang et al. Electricity Price Prediction for Energy Storage System Arbitrage: A Decision-Focused Approach. DOI: 10.1109/TSG.2022.3166791 / arXiv:2305.00362. https://doi.org/10.1109/TSG.2022.3166791,analysis_outputs\thesis_similarity\final_2026-06-08_deep\downloaded_web_sources\source_13_1_3d7ac8d729.txt | docs\thesis\sources\2305.00362v1-electricity-price-prediction-ess-arbitrage-dfl.pdf,0.5814,docs\thesis\sources\2305.00362v1-electricity-price-prediction-ess-arbitrage-dfl.pdf,1,distribution of prediction errors under mse embodies signi cant variation with high prediction errors in the afternoon 12 13 and 16 leading to wrong ess decisions in contrast the daily time distribution of prediction errors under hybrid loss embodies low variation and time-stable prediction error c results analysis numerical experiments in the resnet model help further capture the impacts of hybrid loss in large representational capacity prediction models i the model parameter updating direction,"Forecast leaderboard зазвичай ранжує моделі за середньою помилкою. У storage arbitrage такий leaderboard може бути оманливий. Модель, що трохи краще передбачає середні години, може не давати кращого рішення, якщо вона помиляється в годинах з найбільшим arbitrage spread. Навпаки, модель із не ідеальним MAE може мати корисний порядок піків і провалів, якщо LP schedule використовує саме цей порядок. Тому decision-aware evaluation у роботі не є додатковою прикрасою. Вона є відповіддю на центральну слабкість forecast-only підходу, описану в EPF benchmarking, PTO і storage-specific DFL літературі (Lago et al., 2021 [11]; Elmachtoub and Grigas, 2022 [12]; Sang et al., 2022/2023 [13]). Regret/value оцінка відповідає на питання, яке реально важить для BESS owner: скільки економічної цінності втрачено відносно oracle і чи стало рішення кращим за conservative fallback.",partially-supported,topical/source match present; exact claim scope should be human spot-checked for grouped or broad citations
85,15,Olivares et al. Neural basis expansion analysis with exogenous variables: Forecasting electricity prices with NBEATSx. DOI: 10.1016/j.ijforecast.2022.03.001. https://arxiv.org/abs/2104.05522,analysis_outputs\thesis_similarity\final_2026-06-08_deep\downloaded_web_sources\source_15_1_6e29cb2c21.txt,0.5645,analysis_outputs\thesis_similarity\final_2026-06-08_deep\downloaded_web_sources\source_15_1_6e29cb2c21.txt,1,of its application to electricity price forecasting epf tasks across a broad range of years and markets we observe state-of-the-art performance significantly improving the forecast accuracy by nearly 20 over the original nbeats model and by up to 5 over other well established statistical and machine learning methods specialized for these tasks additionally the proposed neural network has an interpretable configuration that can structurally decompose time series visualizing the relative impact of,"Огляд показує, що науково коректна постановка задачі для BESS arbitrage не зводиться до forecast leaderboard. Найбільш релевантний шлях для дипломного MVP - це evidence-based contour, де прогноз, LP optimization, regret/value metrics і source governance перевіряються разом. EPF-моделі на кшталт NBEATSx і TFT є обґрунтованими forecast candidates, але їхня цінність має підтверджуватися через downstream LP scheduling, net value і regret (Olivares et al., 2023 [15]; Lim et al., 2021 [16]; Lago et al., 2021 [11]). Для роботи з цього випливають три методологічні вимоги. Перша: forecast candidates оцінюються через downstream LP/regret. Друга: source governance є явною, особливо для V13 і зовнішніх джерел. Третя: negative evidence залишається в тексті, бо саме вона показує, що система не просуває weak challengers. Ці вимоги формують методологію розділу 3 (Mandi et al., 2024 [14]; Yi et al., 2025 [42]; Chen et al., 2021 [20]).",partially-supported,topical/source match present; exact claim scope should be human spot-checked for grouped or broad citations
86,16,Lim et al. Temporal Fusion Transformers for Interpretable Multi-horizon Time Series Forecasting. DOI: 10.48550/arXiv.1912.09363. https://arxiv.org/abs/1912.09363,analysis_outputs\thesis_similarity\final_2026-06-08_deep\downloaded_web_sources\source_16_1_bfadab858a.txt | docs\thesis\sources\1912.09363v3.pdf,0.5465,docs\thesis\sources\1912.09363v3.pdf,1,multi-horizon forecasting i e the prediction of variables-of-interest at mul- tiple future time steps is a crucial problem within time series machine learning in contrast to one-step-ahead predictions multi-horizon forecasts provide users with access to estimates across the entire path allowing them to optimize their actions at multiple steps in future e g retailers optimizing the inventory for corresponding authors email addresses blim robots ox ac uk bryan lim soarik google com sercan o ar k n,"Огляд показує, що науково коректна постановка задачі для BESS arbitrage не зводиться до forecast leaderboard. Найбільш релевантний шлях для дипломного MVP - це evidence-based contour, де прогноз, LP optimization, regret/value metrics і source governance перевіряються разом. EPF-моделі на кшталт NBEATSx і TFT є обґрунтованими forecast candidates, але їхня цінність має підтверджуватися через downstream LP scheduling, net value і regret (Olivares et al., 2023 [15]; Lim et al., 2021 [16]; Lago et al., 2021 [11]). Для роботи з цього випливають три методологічні вимоги. Перша: forecast candidates оцінюються через downstream LP/regret. Друга: source governance є явною, особливо для V13 і зовнішніх джерел. Третя: negative evidence залишається в тексті, бо саме вона показує, що система не просуває weak challengers. Ці вимоги формують методологію розділу 3 (Mandi et al., 2024 [14]; Yi et al., 2025 [42]; Chen et al., 2021 [20]).",partially-supported,topical/source match present; exact claim scope should be human spot-checked for grouped or broad citations
87,11,"Lago et al. Forecasting day-ahead electricity prices: A review of state-of-the-art algorithms, best practices and an open-access benchmark. DOI: 10.1016/j.apenergy.2021.116983. https://doi.org/10.1016/j.apenergy.2021.116983",docs\thesis\sources\2008.08004v2-electricity-price-forecasting-review-benchmark.pdf,0.6377,docs\thesis\sources\2008.08004v2-electricity-price-forecasting-review-benchmark.pdf,1,the open-source benchmark mod- els section 5 describes the set of guidelines and best prac- tices when performing research in epf section 6 discusses the forecasting results for all ve datasets finally section 7 provides a summary and a checklist of the requirements for meaningful epf research 2 literature review the eld of epf aims at predicting the spot and forward prices in wholesale markets either in a point or probabilis- tic setting however given the diversity of trading regula- tions avai,"Огляд показує, що науково коректна постановка задачі для BESS arbitrage не зводиться до forecast leaderboard. Найбільш релевантний шлях для дипломного MVP - це evidence-based contour, де прогноз, LP optimization, regret/value metrics і source governance перевіряються разом. EPF-моделі на кшталт NBEATSx і TFT є обґрунтованими forecast candidates, але їхня цінність має підтверджуватися через downstream LP scheduling, net value і regret (Olivares et al., 2023 [15]; Lim et al., 2021 [16]; Lago et al., 2021 [11]). Для роботи з цього випливають три методологічні вимоги. Перша: forecast candidates оцінюються через downstream LP/regret. Друга: source governance є явною, особливо для V13 і зовнішніх джерел. Третя: negative evidence залишається в тексті, бо саме вона показує, що система не просуває weak challengers. Ці вимоги формують методологію розділу 3 (Mandi et al., 2024 [14]; Yi et al., 2025 [42]; Chen et al., 2021 [20]).",supported,strong multilingual semantic match in cited source candidate
88,14,"Mandi et al. Decision-Focused Learning: Foundations, State of the Art, Benchmark and Future Opportunities. DOI: 10.1613/jair.1.15320 / arXiv:2307.13565. https://arxiv.org/abs/2307.13565",analysis_outputs\thesis_similarity\final_2026-06-08_deep\downloaded_web_sources\source_14_1_ea750e7747.txt | docs\thesis\sources\2307.13565v4-decision-focused-learning-survey.pdf | docs\thesis\sources\2406.17085v2-perturbed-decision-focused-learning-energy-storage.pdf,0.6177,docs\thesis\sources\2307.13565v4-decision-focused-learning-survey.pdf,1,each approach the code and data used in the benchmarking are accessible through com predopt predopt-benchmarks finally this survey looks forward and discusses open challenges and offering an outlook on potential future directions in the field of dfl positioning with respect to other overview papers with the growing interest of the opera- tions research or and artificial intelligence ai communities in integrating ml and co various survey review and tutorial papers have emerged mi si c and perakis,"Огляд показує, що науково коректна постановка задачі для BESS arbitrage не зводиться до forecast leaderboard. Найбільш релевантний шлях для дипломного MVP - це evidence-based contour, де прогноз, LP optimization, regret/value metrics і source governance перевіряються разом. EPF-моделі на кшталт NBEATSx і TFT є обґрунтованими forecast candidates, але їхня цінність має підтверджуватися через downstream LP scheduling, net value і regret (Olivares et al., 2023 [15]; Lim et al., 2021 [16]; Lago et al., 2021 [11]). Для роботи з цього випливають три методологічні вимоги. Перша: forecast candidates оцінюються через downstream LP/regret. Друга: source governance є явною, особливо для V13 і зовнішніх джерел. Третя: negative evidence залишається в тексті, бо саме вона показує, що система не просуває weak challengers. Ці вимоги формують методологію розділу 3 (Mandi et al., 2024 [14]; Yi et al., 2025 [42]; Chen et al., 2021 [20]).",partially-supported,topical/source match present; exact claim scope should be human spot-checked for grouped or broad citations
89,42,Yi et al. A Decision-Focused Predict-then-Bid Framework for Strategic Energy Storage. DOI: 10.48550/arXiv.2505.01551. https://arxiv.org/abs/2505.01551,analysis_outputs\thesis_similarity\final_2026-06-08_deep\downloaded_web_sources\source_42_1_f17c55541f.txt | docs\thesis\sources\2505.01551v2=Decision-Focused Predict-then-Bid Framework for Strategic Energy Storage.pdf,0.5311,docs\thesis\sources\2505.01551v2=Decision-Focused Predict-then-Bid Framework for Strategic Energy Storage.pdf,1,leads to inefficiencies because predictors optimized only for accuracy may misalign with the operational objectives of energy storage resulting this work was supported in part by the data science institute in columbia university and in part by the national science foundation under award eccs- 2239046 corresponding author ming yi ming yi is with data science institute columbia university new york ny 10027 usa saud alghumayjan and bolun xu are with earth and environmental engineering columbia univ,"Огляд показує, що науково коректна постановка задачі для BESS arbitrage не зводиться до forecast leaderboard. Найбільш релевантний шлях для дипломного MVP - це evidence-based contour, де прогноз, LP optimization, regret/value metrics і source governance перевіряються разом. EPF-моделі на кшталт NBEATSx і TFT є обґрунтованими forecast candidates, але їхня цінність має підтверджуватися через downstream LP scheduling, net value і regret (Olivares et al., 2023 [15]; Lim et al., 2021 [16]; Lago et al., 2021 [11]). Для роботи з цього випливають три методологічні вимоги. Перша: forecast candidates оцінюються через downstream LP/regret. Друга: source governance є явною, особливо для V13 і зовнішніх джерел. Третя: negative evidence залишається в тексті, бо саме вона показує, що система не просуває weak challengers. Ці вимоги формують методологію розділу 3 (Mandi et al., 2024 [14]; Yi et al., 2025 [42]; Chen et al., 2021 [20]).",partially-supported,topical/source match present; exact claim scope should be human spot-checked for grouped or broad citations
90,20,Chen et al. Decision Transformer: Reinforcement Learning via Sequence Modeling. DOI: 10.48550/arXiv.2106.01345. https://arxiv.org/abs/2106.01345,analysis_outputs\thesis_similarity\final_2026-06-08_deep\downloaded_web_sources\source_20_1_37573c9be9.txt | docs\thesis\sources\2106.01345v2.pdf,0.5257,docs\thesis\sources\2106.01345v2.pdf,1,is that they require densely populated rewards in order to perform well which can be unrealistic and or expensive in contrast decision transformer can improve robustness in these settings since it makes minimal assumptions on the density of the reward to evaluate this we consider a delayed return version of the d4rl benchmarks where the agent does not receive any rewards along the trajectory and instead receives the cumulative reward of the trajectory in the nal timestep our results for delayed ,"Огляд показує, що науково коректна постановка задачі для BESS arbitrage не зводиться до forecast leaderboard. Найбільш релевантний шлях для дипломного MVP - це evidence-based contour, де прогноз, LP optimization, regret/value metrics і source governance перевіряються разом. EPF-моделі на кшталт NBEATSx і TFT є обґрунтованими forecast candidates, але їхня цінність має підтверджуватися через downstream LP scheduling, net value і regret (Olivares et al., 2023 [15]; Lim et al., 2021 [16]; Lago et al., 2021 [11]). Для роботи з цього випливають три методологічні вимоги. Перша: forecast candidates оцінюються через downstream LP/regret. Друга: source governance є явною, особливо для V13 і зовнішніх джерел. Третя: negative evidence залишається в тексті, бо саме вона показує, що система не просуває weak challengers. Ці вимоги формують методологію розділу 3 (Mandi et al., 2024 [14]; Yi et al., 2025 [42]; Chen et al., 2021 [20]).",partially-supported,topical/source match present; exact claim scope should be human spot-checked for grouped or broad citations
